"",localhour,use,temperature,cloud_cover,wind_speed,GH,is_weekday,GH_month,GH_week,use_month,use_week
8649,2016-01-31 00:00:00-06,0.16746666666666665,58.01,0.4,5.45,-2.72055,0,-1.7026,-2.72421,0.4427833333333333,0.18543333333333328
8661,2016-01-31 01:00:00-06,0.14641666666666664,57.6,0.44,5.84,-2.7208900000000003,0,-1.65152,-2.7242599999999997,0.4329,0.12476666666666665
8673,2016-01-31 02:00:00-06,0.1384833333333333,57.46,0.52,5.95,-2.72103,0,-1.7025700000000001,-2.72485,0.61665,0.13516666666666666
8685,2016-01-31 03:00:00-06,0.1331833333333333,58.21,0.56,7.24,-2.72138,0,-1.91251,-2.72507,0.5152333333333332,0.13786666666666664
8697,2016-01-31 04:00:00-06,0.1242333333333333,58.83,0.61,6.79,-2.72138,0,-2.3949700000000003,-2.61153,1.50695,0.1285333333333333
8709,2016-01-31 05:00:00-06,0.14266666666666666,59.42,0.74,7.09,-2.72138,0,-1.3622100000000001,-2.72507,1.488816666666667,0.1158
8721,2016-01-31 06:00:00-06,0.1412833333333333,59.61,0.78,6.7,-3.40173,0,-1.71973,-2.72458,1.59795,0.1339833333333333
8733,2016-01-31 07:00:00-06,0.2524333333333333,59.76,0.81,6.43,-3.1579599999999997,0,-2.35532,-2.57101,0.9168833333333332,0.2701333333333333
8745,2016-01-31 08:00:00-06,0.1996,59.69,0.87,6.38,104.113,0,8.30918,104.625,0.2372666666666666,0.4622666666666666
8757,2016-01-31 09:00:00-06,0.241,61.72,0.83,5.67,303.21299999999997,0,39.4862,296.368,0.2614,0.9179333333333332
8769,2016-01-31 10:00:00-06,0.16961666666666664,64.85,0.27,6.38,517.529,0,132.175,477.23199999999997,0.2847333333333333,0.4385333333333333
8781,2016-01-31 11:00:00-06,0.1781333333333333,68.83,0.09,6.11,670.2869999999999,0,108.83,638.649,0.94245,0.3561166666666666
8793,2016-01-31 12:00:00-06,0.17035,72.24,0.08,5.31,759.02,0,85.2728,726.7130000000001,0.21055,0.2969
8805,2016-01-31 13:00:00-06,0.20751666666666665,77.0,0.05,4.22,782.034,0,93.8208,741.559,0.2705333333333333,0.3984333333333333
8817,2016-01-31 14:00:00-06,0.18181666666666663,79.65,0.03,3.05,724.258,0,99.4203,678.543,0.49625,0.32025
8829,2016-01-31 15:00:00-06,0.1755333333333333,80.93,0.01,1.65,600.888,0,209.046,550.913,0.2738333333333333,0.3393666666666666
8841,2016-01-31 16:00:00-06,0.22201666666666664,80.92,0.01,1.22,416.6,0,19.3617,387.267,0.38655,0.2407166666666666
8853,2016-01-31 17:00:00-06,0.17556666666666665,78.69,0.03,2.13,221.80900000000003,0,8.87914,199.61700000000002,0.4703333333333332,0.297
8865,2016-01-31 18:00:00-06,0.1718333333333333,74.13,0.02,2.93,25.26,0,-1.70317,6.68427,0.6195,0.2427666666666666
8877,2016-01-31 19:00:00-06,0.3374166666666666,69.17,0.0,2.21,-4.75239,0,-2.0441,-2.80463,0.42231666666666656,0.35925
8889,2016-01-31 20:00:00-06,0.3038833333333333,66.1,0.0,1.64,-4.7544,0,-2.23153,-2.7204200000000003,0.3363333333333333,0.3471333333333333
8901,2016-01-31 21:00:00-06,0.3350166666666666,63.09,0.0,1.31,-3.18253,0,-2.17475,-2.72051,0.3916333333333333,0.18256666666666663
8913,2016-01-31 22:00:00-06,0.18705,60.57,0.0,2.05,-3.39923,0,-2.01009,-2.7204900000000003,0.3173,0.1612333333333333
8925,2016-01-31 23:00:00-06,0.15825,60.11,0.0,4.03,-2.8845,0,-1.78865,-2.7205,0.15865,0.1422333333333333
8937,2016-02-01 00:00:00-06,0.14885,58.91,0.2,3.39,-2.3465,1,-1.9477400000000002,-2.72091,0.12726666666666664,0.1455333333333333
8949,2016-02-01 01:00:00-06,0.14626666666666666,56.56,0.2,2.79,-2.2671,1,-2.0442,-2.7212,0.1245,0.1339333333333333
8961,2016-02-01 02:00:00-06,0.1465,54.91,0.07,2.53,-2.72055,1,-2.03852,-2.72138,0.12385,0.12891666666666665
8973,2016-02-01 03:00:00-06,0.1379,53.39,0.04,1.99,-2.36916,1,-2.04445,-2.72138,0.12295,0.13206666666666664
8985,2016-02-01 04:00:00-06,0.1346333333333333,53.27,0.32,1.03,-2.27297,1,-1.70373,-2.72138,0.1251833333333333,0.1322833333333333
8997,2016-02-01 05:00:00-06,0.1337333333333333,53.26,0.44,0.48,-2.19932,1,-1.70375,-2.72138,0.12296666666666665,0.1419833333333333
9009,2016-02-01 06:00:00-06,0.2477666666666666,53.24,0.5,0.66,-2.31835,1,-2.0445,-2.72138,0.1215833333333333,0.20216666666666666
9021,2016-02-01 07:00:00-06,0.2495333333333333,54.36,0.54,1.42,-1.71165,1,-2.3000599999999998,-2.72705,0.1203333333333333,0.12496666666666666
9033,2016-02-01 08:00:00-06,0.21985,54.87,0.57,2.59,93.0911,1,0.834837,56.9053,0.20255,0.3551666666666666
9045,2016-02-01 09:00:00-06,0.3027666666666666,57.05,0.62,3.05,291.15,1,8.29157,248.423,0.6987,0.42235
9057,2016-02-01 10:00:00-06,0.18478333333333327,60.05,0.72,3.94,510.218,1,13.5164,464.32099999999997,0.3153166666666666,0.3328666666666666
9069,2016-02-01 11:00:00-06,0.1801333333333333,63.38,0.76,4.73,663.888,1,42.2416,360.561,0.44706666666666656,0.2125
9081,2016-02-01 12:00:00-06,0.22438333333333327,65.94,0.65,6.16,766.074,1,60.1026,639.696,0.4675833333333332,0.21936666666666665
9093,2016-02-01 13:00:00-06,0.1524833333333333,67.95,0.55,6.84,784.2189999999999,1,65.9975,691.5260000000001,0.7975,0.20425
9105,2016-02-01 14:00:00-06,0.15221666666666664,70.33,0.29,7.06,738.443,1,36.5113,393.96,1.7621666666666669,0.20421666666666666
9117,2016-02-01 15:00:00-06,0.1523333333333333,71.74,0.21,7.86,602.284,1,47.8015,348.74800000000005,1.4048,0.20776666666666666
9129,2016-02-01 16:00:00-06,0.1532833333333333,72.78,0.16,7.44,428.26,1,11.0005,166.47299999999998,1.0832333333333333,0.3048333333333333
9141,2016-02-01 17:00:00-06,0.15291666666666665,73.25,0.15,7.75,214.923,1,21.1719,94.6888,1.1573666666666669,0.2644666666666666
9153,2016-02-01 18:00:00-06,0.19511666666666666,71.72,0.08,8.71,25.7141,1,-1.70375,2.3949599999999998,1.2285833333333331,0.4596833333333333
9165,2016-02-01 19:00:00-06,0.6977,69.39,0.06,10.31,-3.3975699999999995,1,-1.87412,-2.7185200000000003,1.8209333333333333,0.49245
9177,2016-02-01 20:00:00-06,0.6976333333333332,67.32,0.13,11.63,-2.80985,1,-1.6128799999999999,-2.62276,1.2198,0.32195
9189,2016-02-01 21:00:00-06,0.2794166666666666,65.53,0.51,10.81,-2.7195400000000003,1,-1.26645,-2.70819,0.8180666666666666,0.2798
9201,2016-02-01 22:00:00-06,0.2415,65.17,0.77,8.13,-2.71976,1,-1.2891700000000001,-2.5553,0.5020833333333332,0.1459333333333333
9213,2016-02-01 23:00:00-06,0.1901833333333333,64.85,0.81,6.31,-2.71997,1,-1.363,-2.61249,0.2659,0.1492
9225,2016-02-02 00:00:00-06,0.15075,63.3,0.62,6.13,-2.72004,1,-1.363,-2.3804,0.18686666666666665,0.13916666666666666
9237,2016-02-02 01:00:00-06,0.14646666666666666,60.61,0.5,5.95,-2.86179,1,-1.363,-2.3805099999999997,0.16575,0.1287333333333333
9249,2016-02-02 02:00:00-06,0.1457833333333333,57.88,0.3,6.12,-2.72045,1,-1.29485,-2.38048,0.16076666666666664,0.13841666666666666
9261,2016-02-02 03:00:00-06,0.14931666666666665,55.38,0.16,6.22,-2.78281,1,-0.976816,-2.38081,0.14516666666666664,0.1380833333333333
9273,2016-02-02 04:00:00-06,0.14901666666666666,53.89,0.29,7.25,-2.89616,1,-1.02225,-2.46599,0.13831666666666664,0.1271333333333333
9285,2016-02-02 05:00:00-06,0.1413833333333333,52.68,0.15,6.71,-2.81687,1,-1.0563200000000001,-2.72138,0.1497833333333333,0.12445
9297,2016-02-02 06:00:00-06,0.19646666666666665,51.55,0.11,6.72,-3.3559300000000003,1,-1.36289,-2.72138,0.1260333333333333,0.29665
9309,2016-02-02 07:00:00-06,0.2439666666666666,51.8,0.1,5.71,-2.72138,1,-1.7034599999999998,-2.60799,0.14175,0.42015
9321,2016-02-02 08:00:00-06,0.28775,52.7,0.06,5.39,20.7222,1,26.6194,13.794,0.25695,0.42156666666666653
9333,2016-02-02 09:00:00-06,0.5165333333333332,55.4,0.02,6.3,86.5032,1,109.61200000000001,100.64,0.8762,0.2855
9345,2016-02-02 10:00:00-06,0.48245,58.98,0.01,7.71,186.62,1,233.541,258.418,0.6541666666666666,0.9225
9357,2016-02-02 11:00:00-06,0.21448333333333328,61.78,0.01,9.38,463.345,1,390.98199999999997,547.691,0.2683166666666666,0.4831166666666666
9369,2016-02-02 12:00:00-06,0.20591666666666664,64.0,0.02,10.0,764.63,1,306.04200000000003,714.404,0.2528166666666666,0.30755
9381,2016-02-02 13:00:00-06,0.20708333333333329,65.58,0.0,9.02,792.877,1,192.72099999999998,254.90900000000002,0.2394666666666666,0.3516
9393,2016-02-02 14:00:00-06,0.3194166666666666,67.53,0.0,8.01,738.3539999999999,1,142.53799999999998,134.635,0.22801666666666665,0.2326833333333333
9405,2016-02-02 15:00:00-06,0.20066666666666666,68.0,0.0,7.05,625.523,1,245.80200000000002,208.362,0.18928333333333328,0.6232666666666666
9417,2016-02-02 16:00:00-06,0.20976666666666666,67.76,0.0,5.54,434.397,1,161.54399999999998,81.6698,0.22765,0.4370333333333333
9429,2016-02-02 17:00:00-06,0.21123333333333327,66.38,0.02,4.32,224.25599999999997,1,45.0467,30.6723,0.23485,0.4067333333333333
9441,2016-02-02 18:00:00-06,0.43796666666666656,63.69,0.02,2.99,28.1152,1,-0.58436,2.5914,0.21435,0.5138833333333332
9453,2016-02-02 19:00:00-06,0.3788333333333333,59.9,0.02,2.45,-3.8061199999999995,1,-2.0481,-1.86591,0.24325,0.82685
9465,2016-02-02 20:00:00-06,0.3381666666666666,56.52,0.0,3.44,-3.39983,1,-2.72382,-1.70197,0.23615,0.5096666666666666
9477,2016-02-02 21:00:00-06,0.9481666666666664,54.51,0.0,3.8,-3.1798900000000003,1,-2.72428,-1.70202,0.1989,0.4442833333333333
9489,2016-02-02 22:00:00-06,1.5893833333333331,53.45,0.0,4.36,-3.40173,1,-2.71922,-1.70202,0.17241666666666666,0.2653166666666666
9501,2016-02-02 23:00:00-06,0.5803666666666666,51.32,0.0,4.66,-3.05668,1,-2.72507,-1.70202,0.16095,0.1504
9513,2016-02-03 00:00:00-06,0.1510833333333333,49.01,0.0,5.67,-2.99453,1,-2.7253,-1.7020400000000002,0.16125,0.13321666666666665
9525,2016-02-03 01:00:00-06,0.1361,48.16,0.0,6.15,-2.72267,1,-2.47002,-1.70218,0.1708833333333333,0.1475833333333333
9537,2016-02-03 02:00:00-06,0.1447833333333333,46.39,0.0,6.64,-2.81374,1,-2.72553,-1.7023,0.1438,0.13605
9549,2016-02-03 03:00:00-06,0.1436833333333333,44.48,0.0,6.99,-2.72323,1,-2.72572,-1.7763099999999998,0.14276666666666665,0.1327833333333333
9561,2016-02-03 04:00:00-06,0.1313,43.28,0.0,6.54,-2.72323,1,-2.68624,-2.02034,0.14261666666666664,0.1635333333333333
9573,2016-02-03 05:00:00-06,0.12986666666666666,41.9,0.0,6.3,-2.72371,1,-2.37957,-3.77408,0.2624166666666666,0.1837
9585,2016-02-03 06:00:00-06,0.31125,40.81,0.0,6.14,-2.7241400000000002,1,-2.41364,-2.04316,0.2451833333333333,0.5696666666666667
9597,2016-02-03 07:00:00-06,0.21913333333333326,40.38,0.01,6.25,-2.7408799999999998,1,-2.1978400000000002,-2.04315,0.23985,0.5448333333333332
9609,2016-02-03 08:00:00-06,0.28175,40.08,0.0,6.91,86.2322,1,48.4709,8.67802,0.22811666666666666,0.3742666666666665
9621,2016-02-03 09:00:00-06,0.1668333333333333,42.24,0.0,8.11,276.585,1,152.738,69.7307,0.224,0.2393333333333333
9633,2016-02-03 10:00:00-06,0.27485,45.35,0.02,8.02,530.431,1,236.778,59.3378,0.19938333333333327,0.34075
9645,2016-02-03 11:00:00-06,0.2073,49.25,0.12,8.18,691.0269999999999,1,500.024,118.99,0.2059,0.3305
9657,2016-02-03 12:00:00-06,0.21795,51.82,0.11,7.26,772.5010000000001,1,683.6569999999999,161.075,0.19065,0.25595
9669,2016-02-03 13:00:00-06,0.13325,54.26,0.0,7.49,801.5060000000001,1,719.077,126.71600000000001,0.1437833333333333,0.2309166666666666
9681,2016-02-03 14:00:00-06,0.1363,55.88,0.0,7.72,750.938,1,654.467,180.697,0.15641666666666665,0.2409833333333333
9693,2016-02-03 15:00:00-06,0.1460833333333333,57.09,0.0,7.69,631.024,1,525.263,162.612,0.18796666666666664,0.2294
9705,2016-02-03 16:00:00-06,0.11465,57.14,0.0,7.0,445.13599999999997,1,352.059,205.173,0.14635,0.3270166666666666
9717,2016-02-03 17:00:00-06,0.17771666666666666,55.18,0.0,6.36,232.882,1,137.42700000000002,49.4642,0.21056666666666665,0.2546333333333333
9729,2016-02-03 18:00:00-06,0.5526333333333332,52.8,0.0,5.68,32.2436,1,2.7545599999999997,4.88432,0.17066666666666666,0.4837
9741,2016-02-03 19:00:00-06,0.44795,50.17,0.01,4.15,-3.5764400000000003,1,-2.72211,-2.20127,0.2402166666666666,0.6978333333333332
9753,2016-02-03 20:00:00-06,0.36053333333333326,47.76,0.0,4.27,-3.4019699999999995,1,-2.72315,-2.38282,0.2078,0.4781833333333332
9765,2016-02-03 21:00:00-06,0.2885333333333333,45.71,0.0,3.42,-3.19334,1,-2.72364,-2.72337,0.1718,0.2777666666666666
9777,2016-02-03 22:00:00-06,0.1441333333333333,43.1,0.0,2.49,-3.0636200000000002,1,-2.04311,-2.7298,0.18311666666666662,0.21103333333333327
9789,2016-02-03 23:00:00-06,0.12046666666666665,40.54,0.01,2.89,-2.9729900000000002,1,-2.34958,-2.72476,0.1560833333333333,0.13916666666666666
9801,2016-02-04 00:00:00-06,0.12826666666666664,38.57,0.0,3.24,-2.72412,1,-2.7185900000000003,-2.7253,0.12521666666666664,0.1386333333333333
9813,2016-02-04 01:00:00-06,0.13221666666666665,38.05,0.0,3.3,-2.72427,1,-2.38397,-2.7255700000000003,0.12336666666666665,0.13776666666666665
9825,2016-02-04 02:00:00-06,0.1308333333333333,36.84,0.0,3.06,-2.89527,1,-2.60576,-2.5840099999999997,0.1229833333333333,0.14406666666666665
9837,2016-02-04 03:00:00-06,0.1299333333333333,36.33,0.0,3.2,-3.00326,1,-1.42499,-2.726,0.12195,0.2811666666666666
9849,2016-02-04 04:00:00-06,0.11955,35.01,0.0,2.95,-2.72518,1,-1.70317,-2.72612,0.12171666666666665,0.16855
9861,2016-02-04 05:00:00-06,0.11611666666666665,34.25,0.0,2.96,-2.72553,1,-1.3623299999999998,-2.72646,0.1211333333333333,0.1499833333333333
9873,2016-02-04 06:00:00-06,0.2784333333333333,33.16,0.0,2.38,-3.06623,1,-1.9921099999999998,-2.72655,0.2418666666666666,0.2596333333333333
9885,2016-02-04 07:00:00-06,0.5857,32.92,0.01,2.73,-2.72598,1,-1.7026,-2.72655,0.4763,0.451
9897,2016-02-04 08:00:00-06,0.7491666666666666,34.76,0.01,2.79,121.244,1,21.3903,110.82,0.4976666666666666,0.53595
9909,2016-02-04 09:00:00-06,0.6449166666666666,40.61,0.01,2.21,327.024,1,71.5287,312.295,0.5051333333333332,0.24425
9921,2016-02-04 10:00:00-06,0.4590166666666666,45.66,0.02,2.1,538.7869999999999,1,177.791,520.535,0.3079333333333333,0.1812
9933,2016-02-04 11:00:00-06,0.12781666666666666,49.82,0.02,2.07,695.949,1,159.803,676.2660000000001,0.245,0.2528666666666666
9945,2016-02-04 12:00:00-06,0.13375,53.01,0.04,2.08,791.534,1,207.55200000000002,768.738,0.6027333333333332,0.13961666666666664
9957,2016-02-04 13:00:00-06,0.1239833333333333,55.03,0.02,1.46,813.4839999999999,1,142.982,788.586,0.7334833333333332,0.1291833333333333
9969,2016-02-04 14:00:00-06,0.1275,56.44,0.03,1.51,750.9630000000001,1,107.926,737.7919999999999,0.23795,0.18061666666666662
9981,2016-02-04 15:00:00-06,0.14065,57.39,0.03,2.46,639.9259999999999,1,82.9796,616.93,0.16306666666666664,0.1573833333333333
9993,2016-02-04 16:00:00-06,0.12696666666666664,57.42,0.1,1.31,449.10400000000004,1,42.1758,424.539,0.2960833333333333,0.14256666666666665
10005,2016-02-04 17:00:00-06,0.19133333333333327,56.11,0.12,1.12,234.467,1,16.2036,216.53599999999997,0.4733333333333332,0.21258333333333326
10017,2016-02-04 18:00:00-06,0.20005,53.6,0.07,2.16,33.7915,1,-1.70087,23.8256,0.4853333333333332,0.3836
10029,2016-02-04 19:00:00-06,0.3323,49.86,0.0,2.28,-3.36275,1,-2.12608,-3.89874,1.05325,1.6578
10041,2016-02-04 20:00:00-06,0.50835,46.95,0.0,2.66,-3.08059,1,-2.38124,-3.92271,1.8555166666666667,1.635
10053,2016-02-04 21:00:00-06,0.3390666666666666,44.87,0.0,1.3,-3.0587400000000002,1,-1.70113,-3.3394699999999995,1.7329333333333332,1.0396
10065,2016-02-04 22:00:00-06,0.21125,41.04,0.0,0.75,-2.84348,1,-1.9450900000000002,-2.98316,1.4598833333333332,0.15951666666666664
10077,2016-02-04 23:00:00-06,0.15615,39.28,0.0,0.76,-3.06502,1,-1.8884,-3.05167,0.15665,0.15326666666666666
10089,2016-02-05 00:00:00-06,0.1443333333333333,38.56,0.14,0.61,-2.8102099999999997,1,-1.8602299999999998,-2.75725,0.12355,0.1355333333333333
10101,2016-02-05 01:00:00-06,0.1337,37.56,0.12,0.55,-2.86707,1,-1.85457,-2.84826,0.13555,0.20055
10113,2016-02-05 02:00:00-06,0.12385,35.81,0.04,0.7,-2.8278,1,-2.3820200000000002,-2.72418,0.1362833333333333,0.17275
10125,2016-02-05 03:00:00-06,0.12255,35.22,0.02,0.33,-3.0667400000000002,1,-2.4841,-2.73,0.12485,0.1511333333333333
10137,2016-02-05 04:00:00-06,0.1217333333333333,34.88,0.01,0.38,-2.7261599999999997,1,-2.13821,-2.72485,0.2152,0.136
10149,2016-02-05 05:00:00-06,0.1211,33.56,0.0,0.8,-2.72645,1,-1.72417,-2.72507,0.1646833333333333,0.19706666666666664
10161,2016-02-05 06:00:00-06,0.3199333333333333,33.41,0.0,1.1,-3.06727,1,-2.3822900000000002,-2.8331,0.2863333333333333,0.4558833333333333
10173,2016-02-05 07:00:00-06,0.2803166666666666,33.72,0.01,1.06,-2.67548,1,-1.7698,-2.72552,0.5957833333333332,0.4191333333333333
10185,2016-02-05 08:00:00-06,0.2928166666666666,36.62,0.0,0.69,116.399,1,35.4754,105.052,0.3429833333333333,0.4223833333333333
10197,2016-02-05 09:00:00-06,0.2252333333333333,42.64,0.0,1.6,312.048,1,52.6909,327.07,0.90185,0.2608666666666666
10209,2016-02-05 10:00:00-06,0.22316666666666665,47.6,0.01,3.35,515.53,1,487.342,485.9,0.3427166666666666,0.33085
10221,2016-02-05 11:00:00-06,0.3966,52.64,0.02,3.71,682.932,1,384.32199999999995,692.795,0.22221666666666665,0.2425666666666666
10233,2016-02-05 12:00:00-06,0.15475,56.66,0.03,4.95,828.2339999999999,1,335.901,741.221,0.3416833333333333,0.7901833333333331
10245,2016-02-05 13:00:00-06,0.21661666666666665,58.49,0.03,5.26,168.97799999999998,1,155.946,816.81,0.3181666666666666,0.60025
10257,2016-02-05 14:00:00-06,0.14035,59.46,0.03,5.09,107.87700000000001,1,186.982,699.703,0.8739666666666666,0.22318333333333326
10269,2016-02-05 15:00:00-06,0.1266333333333333,59.64,0.02,5.2,84.977,1,396.49699999999996,585.003,0.1952333333333333,0.22076666666666664
10281,2016-02-05 16:00:00-06,0.1391833333333333,59.97,0.01,4.75,80.948,1,200.68599999999998,296.813,0.21048333333333327,0.21813333333333326
10293,2016-02-05 17:00:00-06,0.2565166666666666,58.39,0.07,4.07,55.3537,1,88.9366,247.713,0.2396166666666666,0.28115
10305,2016-02-05 18:00:00-06,0.6718166666666666,55.93,0.44,2.93,4.00767,1,-0.753328,26.9389,0.2777666666666666,0.5786666666666666
10317,2016-02-05 19:00:00-06,0.6295166666666666,53.96,0.73,3.15,-2.2450099999999997,1,-2.9064799999999997,-3.3991300000000004,0.5346833333333332,0.5447666666666666
10329,2016-02-05 20:00:00-06,0.4991833333333332,54.1,0.9,3.21,-2.38121,1,-2.7198700000000002,-3.21913,0.34015,0.5339
10341,2016-02-05 21:00:00-06,0.4953333333333332,53.01,0.79,3.26,-2.38121,1,-2.69215,-2.88576,1.11495,1.2387
10353,2016-02-05 22:00:00-06,0.16736666666666666,52.41,0.72,3.9,-2.72145,1,-2.7204900000000003,-2.72169,0.5106166666666666,0.18991666666666665
10365,2016-02-05 23:00:00-06,0.1422333333333333,51.69,0.36,4.03,-3.06252,1,-2.60753,-2.72229,0.12236666666666665,0.1724833333333333
10377,2016-02-06 00:00:00-06,0.13045,48.2,0.31,4.11,-2.72273,0,-2.7212400000000003,-2.85275,0.11566666666666665,0.2491333333333333
10389,2016-02-06 01:00:00-06,0.12941666666666665,46.99,0.17,3.55,-2.74591,0,-2.38121,-2.7223,0.12951666666666664,0.19416666666666665
10401,2016-02-06 02:00:00-06,0.14095,46.07,0.25,2.91,-2.72323,0,-1.8879599999999999,-2.7225099999999998,0.1186,0.16836666666666664
10413,2016-02-06 03:00:00-06,0.1220833333333333,45.11,0.08,4.13,-1.9973599999999998,0,-1.7122,-2.72275,0.1185,0.1760833333333333
10425,2016-02-06 04:00:00-06,0.11288333333333332,43.69,0.06,5.23,-2.82539,0,-1.72354,-2.72284,0.2332,0.1625833333333333
10437,2016-02-06 05:00:00-06,0.1271833333333333,42.83,0.03,5.18,-2.72377,0,-1.8766200000000002,-2.77993,0.1300333333333333,0.16115
10449,2016-02-06 06:00:00-06,0.1896,42.57,0.0,7.61,-3.00791,0,-2.38119,-3.08059,0.2435,0.1720833333333333
10461,2016-02-06 07:00:00-06,0.1948,42.64,0.01,7.5,-2.5823099999999997,0,-2.38082,-2.96718,0.8424333333333331,0.3342166666666666
10473,2016-02-06 08:00:00-06,0.4180333333333333,44.01,0.01,9.32,122.23100000000001,0,21.9625,57.914,1.4377333333333333,0.2760833333333333
10485,2016-02-06 09:00:00-06,0.5319833333333333,46.37,0.01,10.34,319.346,0,113.986,336.356,0.4734666666666666,0.5421333333333332
10497,2016-02-06 10:00:00-06,0.3128833333333333,49.95,0.01,11.25,535.943,0,145.411,532.352,0.2615166666666666,0.3556333333333333
10509,2016-02-06 11:00:00-06,0.7029666666666666,53.52,0.01,12.23,699.4110000000001,0,129.97,676.9680000000001,0.3429,0.1647
10521,2016-02-06 12:00:00-06,0.40511666666666657,56.19,0.01,11.82,806.492,0,361.695,574.793,0.27595,0.2378333333333333
10533,2016-02-06 13:00:00-06,0.44655,57.99,0.01,11.64,828.2810000000001,0,209.547,763.17,0.268,0.3138833333333333
10545,2016-02-06 14:00:00-06,0.3862,59.03,0.01,10.83,780.934,0,567.729,734.775,0.2779333333333333,0.2741333333333333
10557,2016-02-06 15:00:00-06,0.19126666666666664,59.56,0.01,9.48,656.2760000000001,0,526.735,610.207,0.27825,0.2395833333333333
10569,2016-02-06 16:00:00-06,0.17551666666666665,59.18,0.01,8.3,469.971,0,352.14099999999996,270.906,0.2628166666666666,1.0334
10581,2016-02-06 17:00:00-06,0.2444833333333333,58.19,0.02,6.87,253.822,0,151.954,286.651,0.2667833333333333,0.61675
10593,2016-02-06 18:00:00-06,0.27285,54.92,0.01,4.52,42.9153,0,-0.26621999999999996,14.3547,1.2810333333333332,0.42705
10605,2016-02-06 19:00:00-06,0.5635,51.66,0.01,3.85,-4.08064,0,-3.1560900000000003,-2.7191,0.6120666666666666,0.4375833333333333
10617,2016-02-06 20:00:00-06,0.3504166666666666,48.47,0.0,2.71,-4.0822400000000005,0,-3.20814,-2.47028,0.2789833333333333,0.4367
10629,2016-02-06 21:00:00-06,0.32795,45.99,0.0,1.4,-3.56736,0,-3.39605,-2.71983,0.20836666666666664,0.43775
10641,2016-02-06 22:00:00-06,0.22373333333333328,43.48,0.0,0.79,-3.35851,0,-2.97689,-2.39738,0.5526166666666666,0.4721666666666666
10653,2016-02-06 23:00:00-06,0.1484833333333333,40.96,0.0,0.63,-3.53455,0,-2.7223,-2.4372,0.6112333333333332,0.2343833333333333
10665,2016-02-07 00:00:00-06,0.1333333333333333,40.11,0.01,1.46,-3.3994699999999995,0,-2.7223,-2.72055,0.6607166666666666,0.16746666666666665
10677,2016-02-07 01:00:00-06,0.1323833333333333,37.91,0.0,1.76,-3.3599900000000003,0,-1.88293,-2.7208900000000003,0.2058,0.14641666666666664
10689,2016-02-07 02:00:00-06,0.13016666666666665,36.41,0.0,1.7,-2.82157,0,-2.06407,-2.72103,0.2986,0.1384833333333333
10701,2016-02-07 03:00:00-06,0.12446666666666666,35.33,0.0,1.4,-2.83933,0,-2.11499,-2.72138,0.24425,0.1331833333333333
10713,2016-02-07 04:00:00-06,0.1132,34.54,0.0,2.03,-2.79983,0,-2.3816900000000003,-2.72138,0.2720666666666666,0.1242333333333333
10725,2016-02-07 05:00:00-06,0.2699166666666666,33.64,0.0,1.84,-2.72618,0,-1.84323,-2.72138,0.2343833333333333,0.14266666666666666
10737,2016-02-07 06:00:00-06,0.41205,33.38,0.0,1.59,-3.02164,0,-2.0417099999999997,-3.40173,0.1540833333333333,0.1412833333333333
10749,2016-02-07 07:00:00-06,0.3972333333333333,34.47,0.01,1.83,-2.6409,0,-1.8712799999999998,-3.1579599999999997,0.16026666666666664,0.2524333333333333
10761,2016-02-07 08:00:00-06,0.30425,36.46,0.0,2.23,157.872,0,44.695,104.113,0.13481666666666664,0.1996
10773,2016-02-07 09:00:00-06,0.4930333333333332,42.79,0.01,2.99,344.57,0,200.065,303.21299999999997,0.3170666666666666,0.241
10785,2016-02-07 10:00:00-06,0.2960166666666666,48.09,0.0,4.61,553.635,0,417.158,517.529,0.2125,0.16961666666666664
10797,2016-02-07 11:00:00-06,0.36818333333333325,53.27,0.0,4.89,696.7660000000001,0,718.319,670.2869999999999,0.24155,0.1781333333333333
10809,2016-02-07 12:00:00-06,0.20038333333333327,57.14,0.0,5.66,821.075,0,477.962,759.02,0.2409,0.17035
10821,2016-02-07 13:00:00-06,0.28285,60.83,0.0,6.08,843.035,0,460.81300000000005,782.034,0.2919666666666666,0.20751666666666665
10833,2016-02-07 14:00:00-06,0.2456666666666666,63.02,0.0,6.95,802.88,0,317.875,724.258,0.2224333333333333,0.18181666666666663
10845,2016-02-07 15:00:00-06,0.17566666666666664,64.65,0.0,5.94,446.215,0,183.55599999999998,600.888,0.3738833333333333,0.1755333333333333
10857,2016-02-07 16:00:00-06,0.4228833333333333,64.89,0.0,5.27,487.908,0,173.593,416.6,0.90925,0.22201666666666664
10869,2016-02-07 17:00:00-06,0.4582,63.82,0.0,3.78,180.222,0,76.5486,221.80900000000003,1.6187,0.17556666666666665
10881,2016-02-07 18:00:00-06,0.4896833333333332,60.79,0.0,3.09,17.9655,0,-0.985291,25.26,1.7339833333333332,0.1718333333333333
10893,2016-02-07 19:00:00-06,0.27805,57.17,0.05,3.48,-3.3994199999999997,0,-3.3536599999999996,-4.75239,1.86875,0.3374166666666666
10905,2016-02-07 20:00:00-06,0.14766666666666664,54.21,0.03,3.12,-3.14551,0,-2.92939,-4.7544,1.7643333333333333,0.3038833333333333
10917,2016-02-07 21:00:00-06,0.1334333333333333,51.26,0.01,2.44,-2.72136,0,-2.94151,-3.18253,1.7449333333333332,0.3350166666666666
10929,2016-02-07 22:00:00-06,0.1386,49.64,0.02,1.72,-2.72143,0,-2.72099,-3.39923,1.0569833333333332,0.18705
10941,2016-02-07 23:00:00-06,0.13651666666666665,46.95,0.07,2.76,-2.72191,0,-2.72138,-2.8845,0.1296,0.15825
10953,2016-02-08 00:00:00-06,0.1307,45.67,0.04,2.48,-2.7223,1,-2.72138,-2.3465,0.1399333333333333,0.14885
10965,2016-02-08 01:00:00-06,0.1300833333333333,44.36,0.05,3.55,-2.6320799999999998,1,-1.7065299999999999,-2.2671,0.12871666666666665,0.14626666666666666
10977,2016-02-08 02:00:00-06,0.12925,45.18,0.06,4.32,-2.38282,1,-2.72138,-2.72055,0.13906666666666664,0.1465
10989,2016-02-08 03:00:00-06,0.1254,45.3,0.07,5.62,-2.536,1,-2.78983,-2.36916,0.20348333333333327,0.1379
11001,2016-02-08 04:00:00-06,0.11886666666666665,46.01,0.09,8.81,-2.64947,1,-2.7223,-2.27297,0.19211666666666666,0.1346333333333333
11013,2016-02-08 05:00:00-06,0.11695,45.05,0.11,7.76,-2.72323,1,-3.05721,-2.19932,0.13625,0.1337333333333333
11025,2016-02-08 06:00:00-06,0.3283666666666666,44.46,0.13,7.2,-2.74592,1,-3.3241199999999997,-2.31835,0.13105,0.2477666666666666
11037,2016-02-08 07:00:00-06,0.3365166666666666,44.63,0.13,6.83,-2.87118,1,-3.04661,-1.71165,0.1251833333333333,0.2495333333333333
11049,2016-02-08 08:00:00-06,0.37061666666666654,45.41,0.11,7.08,102.20299999999999,1,96.5951,93.0911,0.1749,0.21985
11061,2016-02-08 09:00:00-06,0.4008333333333333,48.3,0.11,8.23,275.154,1,307.435,291.15,0.3438166666666666,0.3027666666666666
11073,2016-02-08 10:00:00-06,0.9538,51.76,0.14,8.99,462.44599999999997,1,495.721,510.218,0.5475,0.18478333333333327
11085,2016-02-08 11:00:00-06,0.7851,54.96,0.18,9.11,451.99800000000005,1,646.1469999999999,663.888,1.6611333333333331,0.1801333333333333
11097,2016-02-08 12:00:00-06,0.2387166666666666,57.05,0.11,8.16,619.789,1,730.58,766.074,1.6649333333333332,0.22438333333333327
11109,2016-02-08 13:00:00-06,0.50885,59.7,0.09,7.97,552.2280000000001,1,735.3660000000001,784.2189999999999,1.8295333333333332,0.1524833333333333
11121,2016-02-08 14:00:00-06,0.3435666666666666,61.74,0.05,8.22,531.871,1,698.692,738.443,0.85485,0.15221666666666664
11133,2016-02-08 15:00:00-06,0.35175,62.67,0.03,8.49,449.406,1,501.337,602.284,0.4438166666666665,0.1523333333333333
11145,2016-02-08 16:00:00-06,0.4624,62.5,0.02,8.27,327.357,1,379.68800000000005,428.26,0.45145,0.1532833333333333
11157,2016-02-08 17:00:00-06,0.3767666666666665,61.65,0.03,7.69,115.605,1,183.61700000000002,214.923,0.4913833333333332,0.15291666666666665
11169,2016-02-08 18:00:00-06,0.4366333333333333,59.33,0.0,5.85,16.1526,1,-0.974575,25.7141,0.8771666666666667,0.19511666666666666
11181,2016-02-08 19:00:00-06,0.4228833333333333,55.69,0.01,3.73,-2.74376,1,-3.3161,-3.3975699999999995,0.7964,0.6977
11193,2016-02-08 20:00:00-06,0.3257166666666666,51.86,0.0,3.35,-3.06723,1,-3.2886300000000004,-2.80985,0.2933,0.6976333333333332
11205,2016-02-08 21:00:00-06,0.3187,48.02,0.0,2.64,-2.72222,1,-2.98318,-2.7195400000000003,0.1995,0.2794166666666666
11217,2016-02-08 22:00:00-06,0.26835,45.79,0.0,2.26,-2.7223599999999997,1,-2.72308,-2.71976,0.1897,0.2415
11229,2016-02-08 23:00:00-06,0.2542,45.06,0.01,2.75,-2.96694,1,-3.06363,-2.71997,0.6041833333333332,0.1901833333333333
11241,2016-02-09 00:00:00-06,0.2715333333333333,43.73,0.0,3.36,-2.72323,1,-2.75245,-2.72004,1.5244166666666668,0.15075
11253,2016-02-09 01:00:00-06,0.13605,42.12,0.0,3.96,-2.5303299999999997,1,-2.88895,-2.86179,1.5128833333333331,0.14646666666666666
11265,2016-02-09 02:00:00-06,0.12316666666666665,41.86,0.0,4.07,-2.72323,1,-2.72503,-2.72045,1.5082166666666668,0.1457833333333333
11277,2016-02-09 03:00:00-06,0.12115,40.78,0.0,5.32,-2.6155,1,-2.72534,-2.78281,0.68005,0.14931666666666665
11289,2016-02-09 04:00:00-06,0.12035,39.92,0.0,4.49,-2.53103,1,-2.72593,-2.89616,1.248133333333333,0.14901666666666666
11301,2016-02-09 05:00:00-06,0.11955,38.8,0.0,4.43,-2.72415,1,-2.6408099999999997,-2.81687,1.5039166666666668,0.1413833333333333
11313,2016-02-09 06:00:00-06,0.2440166666666666,38.51,0.0,4.38,-2.72425,1,-2.78848,-3.3559300000000003,1.022333333333333,0.19646666666666665
11325,2016-02-09 07:00:00-06,0.9019,38.72,0.0,4.69,-2.72425,1,-2.7263900000000003,-2.72138,1.2613333333333332,0.2439666666666666
11337,2016-02-09 08:00:00-06,0.52275,40.86,0.0,4.29,55.2423,1,98.3846,20.7222,0.16866666666666666,0.28775
11349,2016-02-09 09:00:00-06,0.40191666666666653,46.25,0.0,4.01,276.072,1,305.726,86.5032,0.4844,0.5165333333333332
11361,2016-02-09 10:00:00-06,0.3343833333333333,52.1,0.0,4.64,331.966,1,493.286,186.62,0.4801166666666666,0.48245
11373,2016-02-09 11:00:00-06,0.3105666666666666,58.08,0.0,5.15,707.523,1,642.173,463.345,0.42165,0.21448333333333328
11385,2016-02-09 12:00:00-06,0.4750833333333332,61.63,0.0,5.8,799.801,1,726.3,764.63,0.3052166666666666,0.20591666666666664
11397,2016-02-09 13:00:00-06,0.6130333333333332,64.72,0.0,5.72,821.323,1,740.045,792.877,0.4100666666666665,0.20708333333333329
11409,2016-02-09 14:00:00-06,0.3914666666666666,67.6,0.0,6.37,770.972,1,679.498,738.3539999999999,0.39325,0.3194166666666666
11421,2016-02-09 15:00:00-06,0.2225,69.69,0.0,5.86,648.944,1,551.374,625.523,0.3575333333333333,0.20066666666666666
11433,2016-02-09 16:00:00-06,0.38265,70.82,0.0,5.27,466.032,1,375.13,434.397,0.21973333333333328,0.20976666666666666
11445,2016-02-09 17:00:00-06,0.5498,70.18,0.0,4.63,248.62,1,169.041,224.25599999999997,0.8411833333333331,0.21123333333333327
11457,2016-02-09 18:00:00-06,0.4594833333333333,66.51,0.0,2.63,47.1986,1,1.8374400000000002,28.1152,0.8006666666666666,0.43796666666666656
11469,2016-02-09 19:00:00-06,0.44756666666666656,60.99,0.0,2.46,-4.078130000000001,1,-2.72317,-3.8061199999999995,0.3421,0.3788333333333333
11481,2016-02-09 20:00:00-06,0.5274666666666666,57.1,0.0,1.21,-3.4004,1,-2.7241400000000002,-3.39983,0.3925,0.3381666666666666
11493,2016-02-09 21:00:00-06,0.5747833333333332,53.37,0.0,1.82,-3.3563300000000003,1,-2.72474,-3.1798900000000003,0.2634,0.9481666666666664
11505,2016-02-09 22:00:00-06,0.5525333333333332,51.26,0.0,3.08,-3.3291199999999996,1,-2.7251,-3.40173,0.4904833333333332,1.5893833333333331
11517,2016-02-09 23:00:00-06,0.14776666666666666,51.48,0.0,3.34,-2.9896700000000003,1,-2.72553,-3.05668,0.2978666666666666,0.5803666666666666
11529,2016-02-10 00:00:00-06,0.1212833333333333,50.12,0.0,2.42,-3.06363,1,-2.38512,-2.99453,1.6751166666666668,0.1510833333333333
11541,2016-02-10 01:00:00-06,0.12276666666666665,46.27,0.0,2.55,-2.80265,1,-1.9023299999999999,-2.72267,1.6781166666666667,0.1361
11553,2016-02-10 02:00:00-06,0.11063333333333332,45.17,0.0,2.85,-3.06372,1,-1.8738099999999998,-2.81374,1.5333333333333332,0.1447833333333333
11565,2016-02-10 03:00:00-06,0.10985,43.78,0.0,2.79,-2.7240599999999997,1,-1.6977400000000002,-2.72323,0.9330166666666664,0.1436833333333333
11577,2016-02-10 04:00:00-06,0.10781666666666664,42.15,0.0,1.99,-2.72415,1,-1.70318,-2.72323,0.86635,0.1313
11589,2016-02-10 05:00:00-06,0.10476666666666663,40.9,0.0,2.22,-2.76955,1,-1.70317,-2.72371,0.9948833333333332,0.12986666666666666
11601,2016-02-10 06:00:00-06,0.22951666666666665,39.84,0.0,2.18,-2.7242599999999997,1,-1.70317,-2.7241400000000002,0.9993833333333332,0.31125
11613,2016-02-10 07:00:00-06,0.3724833333333333,39.88,0.0,1.68,-2.4008599999999998,1,-1.70297,-2.7408799999999998,0.56025,0.21913333333333326
11625,2016-02-10 08:00:00-06,0.3809833333333333,41.95,0.0,0.65,138.804,1,7.45873,86.2322,0.1956,0.28175
11637,2016-02-10 09:00:00-06,0.5471,49.79,0.0,0.84,339.407,1,38.0793,276.585,0.37421666666666653,0.1668333333333333
11649,2016-02-10 10:00:00-06,0.43365,54.75,0.01,2.33,549.231,1,58.976000000000006,530.431,0.3026666666666666,0.27485
11661,2016-02-10 11:00:00-06,0.10896666666666664,59.41,0.01,3.72,703.128,1,100.476,691.0269999999999,0.2443333333333333,0.2073
11673,2016-02-10 12:00:00-06,0.1827333333333333,63.69,0.01,4.98,791.791,1,96.0593,772.5010000000001,0.2692833333333333,0.21795
11685,2016-02-10 13:00:00-06,0.17161666666666664,66.83,0.01,4.63,810.904,1,205.842,801.5060000000001,0.22036666666666666,0.13325
11697,2016-02-10 14:00:00-06,0.16091666666666665,69.86,0.01,5.23,764.4789999999999,1,133.966,750.938,0.3658166666666666,0.1363
11709,2016-02-10 15:00:00-06,0.17115,71.97,0.01,4.99,635.0219999999999,1,134.148,631.024,0.2625,0.1460833333333333
11721,2016-02-10 16:00:00-06,0.1733833333333333,72.96,0.01,5.29,456.156,1,36.3502,445.13599999999997,0.3676,0.11465
11733,2016-02-10 17:00:00-06,0.2285833333333333,72.35,0.01,5.06,242.81,1,15.6926,232.882,0.3840833333333333,0.17771666666666666
11745,2016-02-10 18:00:00-06,0.11305,69.69,0.0,4.5,46.5955,1,-1.02122,32.2436,1.5788333333333333,0.5526333333333332
11757,2016-02-10 19:00:00-06,0.11095,64.79,0.0,4.18,-3.93046,1,-1.83292,-3.5764400000000003,0.7643666666666666,0.44795
11769,2016-02-10 20:00:00-06,0.1186333333333333,62.03,0.0,4.28,-3.52403,1,-1.833,-3.4019699999999995,0.6855,0.36053333333333326
11781,2016-02-10 21:00:00-06,0.11053333333333333,59.93,0.0,4.68,-3.4006199999999995,1,-2.54245,-3.19334,0.4980666666666666,0.2885333333333333
11793,2016-02-10 22:00:00-06,0.1195,58.06,0.0,4.54,-3.24858,1,-1.7025299999999999,-3.0636200000000002,0.86835,0.1441333333333333
11805,2016-02-10 23:00:00-06,0.12011666666666665,56.03,0.0,4.67,-3.1693,1,-1.7023099999999998,-2.9729900000000002,0.2,0.12046666666666665
11817,2016-02-11 00:00:00-06,0.1105,55.96,0.0,4.55,-3.0567599999999997,1,-1.7021700000000002,-2.72412,0.19395,0.12826666666666664
11829,2016-02-11 01:00:00-06,0.12125,54.1,0.0,4.53,-2.81305,1,-1.70208,-2.72427,0.1394333333333333,0.13221666666666665
11841,2016-02-11 02:00:00-06,0.11013333333333332,53.08,0.0,4.17,-2.77906,1,-1.70202,-2.89527,0.1304833333333333,0.1308333333333333
11853,2016-02-11 03:00:00-06,0.10365,51.58,0.0,4.06,-2.72263,1,-2.2412900000000002,-3.00326,0.1279,0.1299333333333333
11865,2016-02-11 04:00:00-06,0.11018333333333333,50.65,0.0,4.27,-2.96076,1,-1.7025299999999999,-2.72518,0.1266,0.11955
11877,2016-02-11 05:00:00-06,0.10456666666666664,50.28,0.0,3.89,-2.7396599999999998,1,-2.05424,-2.72553,0.12661666666666666,0.11611666666666665
11889,2016-02-11 06:00:00-06,0.2461333333333333,49.77,0.0,3.47,-3.4036199999999996,1,-2.04304,-3.06623,0.2453833333333333,0.2784333333333333
11901,2016-02-11 07:00:00-06,0.19905,50.8,0.01,3.04,-2.67784,1,-2.3835599999999997,-2.72598,0.4017,0.5857
11913,2016-02-11 08:00:00-06,0.18291666666666662,51.77,0.01,3.08,145.31799999999998,1,27.1961,121.244,0.2918333333333333,0.7491666666666666
11925,2016-02-11 09:00:00-06,0.208,58.86,0.01,3.97,346.63699999999994,1,147.20600000000002,327.024,0.5296833333333332,0.6449166666666666
11937,2016-02-11 10:00:00-06,0.2392166666666666,64.44,0.01,5.74,557.357,1,226.84599999999998,538.7869999999999,0.3029833333333333,0.4590166666666666
11949,2016-02-11 11:00:00-06,0.3585166666666666,69.78,0.01,7.25,715.8560000000001,1,421.519,695.949,0.3569333333333333,0.12781666666666666
11961,2016-02-11 12:00:00-06,0.3832333333333333,74.17,0.01,7.06,804.623,1,370.30699999999996,791.534,0.7393666666666666,0.13375
11973,2016-02-11 13:00:00-06,0.2959666666666666,76.81,0.01,6.42,825.7080000000001,1,396.67800000000005,813.4839999999999,0.8944666666666666,0.1239833333333333
11985,2016-02-11 14:00:00-06,0.34005,78.7,0.01,6.43,770.9110000000001,1,562.524,750.9630000000001,0.2494166666666666,0.1275
11997,2016-02-11 15:00:00-06,0.2555,79.27,0.03,6.73,646.305,1,427.423,639.9259999999999,0.2689666666666666,0.14065
12009,2016-02-11 16:00:00-06,0.19323333333333328,79.07,0.01,5.75,456.704,1,130.026,449.10400000000004,0.19991666666666666,0.12696666666666664
12021,2016-02-11 17:00:00-06,0.20193333333333327,76.92,0.01,4.49,253.52700000000002,1,104.08,234.467,0.20405,0.19133333333333327
12033,2016-02-11 18:00:00-06,0.1794,73.41,0.01,3.89,50.4294,1,0.9069209999999999,33.7915,0.2986,0.20005
12045,2016-02-11 19:00:00-06,0.1772833333333333,69.06,0.01,4.47,-3.4321,1,-2.3075,-3.36275,0.18543333333333328,0.3323
12057,2016-02-11 20:00:00-06,0.18628333333333327,65.92,0.0,4.29,-3.3994400000000002,1,-2.38147,-3.08059,0.2653333333333333,0.50835
12069,2016-02-11 21:00:00-06,0.17401666666666665,62.93,0.0,4.16,-3.05471,1,-2.0927700000000002,-3.0587400000000002,0.46235,0.3390666666666666
12081,2016-02-11 22:00:00-06,0.20181666666666664,61.75,0.0,4.24,-2.94156,1,-2.25157,-2.84348,0.15035,0.21125
12093,2016-02-11 23:00:00-06,0.1726833333333333,60.09,0.01,4.09,-2.72097,1,-2.21208,-3.06502,0.21153333333333327,0.15615
12105,2016-02-12 00:00:00-06,0.1719,57.41,0.0,2.97,-2.72135,1,-2.38242,-2.8102099999999997,0.18335,0.1443333333333333
12117,2016-02-12 01:00:00-06,0.1714333333333333,55.48,0.01,2.83,-2.72138,1,-2.72321,-2.86707,0.13116666666666665,0.1337
12129,2016-02-12 02:00:00-06,0.17065,54.06,0.02,1.77,-2.72705,1,-2.38282,-2.8278,0.1277833333333333,0.12385
12141,2016-02-12 03:00:00-06,0.17263793103448272,52.88,0.03,2.21,-2.72138,1,-2.72323,-3.0667400000000002,0.1259,0.12255
