,localhour,use,temperature,cloud_cover,wind_speed,GH,is_weekday
9,2016-01-01 00:00:00-06,0.4427833333333333,47.22,0.96,8.09,-1.7026,1
21,2016-01-01 01:00:00-06,0.4329,46.5,1.0,8.22,-1.65152,1
33,2016-01-01 02:00:00-06,0.61665,46.04,1.0,8.74,-1.7025700000000001,1
45,2016-01-01 03:00:00-06,0.5152333333333332,45.34,1.0,9.31,-1.91251,1
57,2016-01-01 04:00:00-06,1.50695,44.49,1.0,8.84,-2.3949700000000003,1
69,2016-01-01 05:00:00-06,1.488816666666667,43.88,0.98,8.61,-1.3622100000000001,1
81,2016-01-01 06:00:00-06,1.59795,42.92,0.91,8.78,-1.71973,1
93,2016-01-01 07:00:00-06,0.9168833333333332,42.73,1.0,8.86,-2.35532,1
105,2016-01-01 08:00:00-06,0.2372666666666666,42.59,1.0,9.39,8.30918,1
117,2016-01-01 09:00:00-06,0.2614,43.12,1.0,9.87,39.4862,1
129,2016-01-01 10:00:00-06,0.2847333333333333,43.68,0.98,9.9,132.175,1
141,2016-01-01 11:00:00-06,0.94245,44.52,0.92,9.26,108.83,1
153,2016-01-01 12:00:00-06,0.21055,45.93,0.97,8.81,85.2728,1
165,2016-01-01 13:00:00-06,0.2705333333333333,45.49,0.97,7.7,93.8208,1
177,2016-01-01 14:00:00-06,0.49625,46.11,0.99,8.1,99.4203,1
189,2016-01-01 15:00:00-06,0.2738333333333333,46.35,0.8,8.12,209.046,1
201,2016-01-01 16:00:00-06,0.38655,45.78,0.93,7.51,19.3617,1
213,2016-01-01 17:00:00-06,0.4703333333333332,45.16,0.97,6.56,8.87914,1
225,2016-01-01 18:00:00-06,0.6195,44.63,1.0,6.59,-1.70317,1
237,2016-01-01 19:00:00-06,0.42231666666666656,44.79,1.0,6.3,-2.0441,1
249,2016-01-01 20:00:00-06,0.3363333333333333,44.6,1.0,5.94,-2.23153,1
261,2016-01-01 21:00:00-06,0.3916333333333333,44.5,1.0,6.1,-2.17475,1
273,2016-01-01 22:00:00-06,0.3173,44.18,1.0,5.63,-2.01009,1
285,2016-01-01 23:00:00-06,0.15865,44.02,1.0,5.02,-1.78865,1
297,2016-01-02 00:00:00-06,0.12726666666666664,43.86,1.0,5.13,-1.9477400000000002,0
309,2016-01-02 01:00:00-06,0.1245,43.63,0.95,5.1,-2.0442,0
321,2016-01-02 02:00:00-06,0.12385,43.31,0.9,5.04,-2.03852,0
333,2016-01-02 03:00:00-06,0.12295,43.17,0.8,4.81,-2.04445,0
345,2016-01-02 04:00:00-06,0.1251833333333333,42.76,0.91,3.62,-1.70373,0
357,2016-01-02 05:00:00-06,0.12296666666666665,43.34,0.96,4.56,-1.70375,0
369,2016-01-02 06:00:00-06,0.1215833333333333,43.16,1.0,3.72,-2.0445,0
381,2016-01-02 07:00:00-06,0.1203333333333333,43.13,0.95,3.47,-2.3000599999999998,0
393,2016-01-02 08:00:00-06,0.20255,42.82,0.82,3.6,0.834837,0
405,2016-01-02 09:00:00-06,0.6987,43.91,0.88,3.65,8.29157,0
417,2016-01-02 10:00:00-06,0.3153166666666666,44.81,0.89,4.14,13.5164,0
429,2016-01-02 11:00:00-06,0.44706666666666656,45.84,0.89,3.61,42.2416,0
441,2016-01-02 12:00:00-06,0.4675833333333332,46.48,0.88,3.53,60.1026,0
453,2016-01-02 13:00:00-06,0.7975,46.94,0.83,3.03,65.9975,0
465,2016-01-02 14:00:00-06,1.7621666666666669,47.26,0.74,3.22,36.5113,0
477,2016-01-02 15:00:00-06,1.4048,47.76,0.71,2.99,47.8015,0
489,2016-01-02 16:00:00-06,1.0832333333333333,47.1,0.7,2.88,11.0005,0
501,2016-01-02 17:00:00-06,1.1573666666666669,46.45,0.88,2.17,21.1719,0
513,2016-01-02 18:00:00-06,1.2285833333333331,44.25,0.91,1.89,-1.70375,0
525,2016-01-02 19:00:00-06,1.8209333333333333,43.67,0.8,1.9,-1.87412,0
537,2016-01-02 20:00:00-06,1.2198,42.88,0.79,2.08,-1.6128799999999999,0
549,2016-01-02 21:00:00-06,0.8180666666666666,42.91,0.82,0.66,-1.26645,0
561,2016-01-02 22:00:00-06,0.5020833333333332,42.56,0.97,1.99,-1.2891700000000001,0
573,2016-01-02 23:00:00-06,0.2659,43.0,0.82,2.3,-1.363,0
585,2016-01-03 00:00:00-06,0.18686666666666665,42.3,0.9,2.94,-1.363,0
597,2016-01-03 01:00:00-06,0.16575,42.06,0.85,3.67,-1.363,0
609,2016-01-03 02:00:00-06,0.16076666666666664,41.63,0.81,3.06,-1.29485,0
621,2016-01-03 03:00:00-06,0.14516666666666664,41.72,0.75,2.49,-0.976816,0
633,2016-01-03 04:00:00-06,0.13831666666666664,41.8,0.67,3.05,-1.02225,0
645,2016-01-03 05:00:00-06,0.1497833333333333,41.96,0.85,3.35,-1.0563200000000001,0
657,2016-01-03 06:00:00-06,0.1260333333333333,42.54,0.89,3.14,-1.36289,0
669,2016-01-03 07:00:00-06,0.14175,42.81,0.83,2.63,-1.7034599999999998,0
681,2016-01-03 08:00:00-06,0.25695,42.89,0.56,2.9,26.6194,0
693,2016-01-03 09:00:00-06,0.8762,45.2,0.19,4.89,109.61200000000001,0
705,2016-01-03 10:00:00-06,0.6541666666666666,48.85,0.69,4.59,233.541,0
717,2016-01-03 11:00:00-06,0.2683166666666666,52.0,0.63,4.65,390.98199999999997,0
729,2016-01-03 12:00:00-06,0.2528166666666666,54.16,0.59,4.61,306.04200000000003,0
741,2016-01-03 13:00:00-06,0.2394666666666666,57.04,0.55,4.52,192.72099999999998,0
753,2016-01-03 14:00:00-06,0.22801666666666665,58.33,0.42,5.15,142.53799999999998,0
765,2016-01-03 15:00:00-06,0.18928333333333328,59.5,0.04,4.18,245.80200000000002,0
777,2016-01-03 16:00:00-06,0.22765,59.63,0.04,4.01,161.54399999999998,0
789,2016-01-03 17:00:00-06,0.23485,58.07,0.04,3.07,45.0467,0
801,2016-01-03 18:00:00-06,0.21435,53.78,0.02,2.14,-0.58436,0
813,2016-01-03 19:00:00-06,0.24325,50.92,0.0,2.25,-2.0481,0
825,2016-01-03 20:00:00-06,0.23615,47.05,0.0,2.25,-2.72382,0
837,2016-01-03 21:00:00-06,0.1989,43.99,0.0,1.77,-2.72428,0
849,2016-01-03 22:00:00-06,0.17241666666666666,41.97,0.0,3.05,-2.71922,0
861,2016-01-03 23:00:00-06,0.16095,40.57,0.0,3.07,-2.72507,0
873,2016-01-04 00:00:00-06,0.16125,42.08,0.12,2.89,-2.7253,1
885,2016-01-04 01:00:00-06,0.1708833333333333,41.0,0.13,3.31,-2.47002,1
897,2016-01-04 02:00:00-06,0.1438,41.23,0.13,3.16,-2.72553,1
909,2016-01-04 03:00:00-06,0.14276666666666665,40.04,0.13,2.39,-2.72572,1
921,2016-01-04 04:00:00-06,0.14261666666666664,38.93,0.13,3.0,-2.68624,1
933,2016-01-04 05:00:00-06,0.2624166666666666,38.64,0.13,4.52,-2.37957,1
945,2016-01-04 06:00:00-06,0.2451833333333333,37.6,0.13,3.44,-2.41364,1
957,2016-01-04 07:00:00-06,0.23985,37.06,0.13,3.32,-2.1978400000000002,1
969,2016-01-04 08:00:00-06,0.22811666666666666,37.45,0.13,3.98,48.4709,1
981,2016-01-04 09:00:00-06,0.224,41.22,0.13,3.24,152.738,1
993,2016-01-04 10:00:00-06,0.19938333333333327,46.07,0.13,3.66,236.778,1
1005,2016-01-04 11:00:00-06,0.2059,49.51,0.12,3.25,500.024,1
1017,2016-01-04 12:00:00-06,0.19065,53.19,0.12,4.05,683.6569999999999,1
1029,2016-01-04 13:00:00-06,0.1437833333333333,55.1,0.14,3.77,719.077,1
1041,2016-01-04 14:00:00-06,0.15641666666666665,55.87,0.16,3.38,654.467,1
1053,2016-01-04 15:00:00-06,0.18796666666666664,55.98,0.14,4.38,525.263,1
1065,2016-01-04 16:00:00-06,0.14635,55.15,0.16,4.37,352.059,1
1077,2016-01-04 17:00:00-06,0.21056666666666665,53.42,0.18,4.18,137.42700000000002,1
1089,2016-01-04 18:00:00-06,0.17066666666666666,50.15,0.12,3.36,2.7545599999999997,1
1101,2016-01-04 19:00:00-06,0.2402166666666666,47.16,0.04,3.08,-2.72211,1
1113,2016-01-04 20:00:00-06,0.2078,45.16,0.03,2.64,-2.72315,1
1125,2016-01-04 21:00:00-06,0.1718,42.65,0.03,2.53,-2.72364,1
1137,2016-01-04 22:00:00-06,0.18311666666666662,41.59,0.02,1.51,-2.04311,1
1149,2016-01-04 23:00:00-06,0.1560833333333333,39.51,0.03,1.63,-2.34958,1
1161,2016-01-05 00:00:00-06,0.12521666666666664,39.7,0.35,2.35,-2.7185900000000003,1
1173,2016-01-05 01:00:00-06,0.12336666666666665,38.4,0.42,2.2,-2.38397,1
1185,2016-01-05 02:00:00-06,0.1229833333333333,37.24,0.49,1.68,-2.60576,1
1197,2016-01-05 03:00:00-06,0.12195,36.73,0.55,1.73,-1.42499,1
1209,2016-01-05 04:00:00-06,0.12171666666666665,36.23,0.62,2.05,-1.70317,1
1221,2016-01-05 05:00:00-06,0.1211333333333333,36.28,0.68,2.46,-1.3623299999999998,1
1233,2016-01-05 06:00:00-06,0.2418666666666666,36.37,0.7,2.75,-1.9921099999999998,1
1245,2016-01-05 07:00:00-06,0.4763,36.95,0.61,3.3,-1.7026,1
1257,2016-01-05 08:00:00-06,0.4976666666666666,38.29,0.46,3.76,21.3903,1
1269,2016-01-05 09:00:00-06,0.5051333333333332,40.72,0.37,5.21,71.5287,1
1281,2016-01-05 10:00:00-06,0.3079333333333333,43.42,0.37,5.16,177.791,1
1293,2016-01-05 11:00:00-06,0.245,46.85,0.42,5.01,159.803,1
1305,2016-01-05 12:00:00-06,0.6027333333333332,50.21,0.46,4.18,207.55200000000002,1
1317,2016-01-05 13:00:00-06,0.7334833333333332,52.54,0.45,4.34,142.982,1
1329,2016-01-05 14:00:00-06,0.23795,54.51,0.41,4.5,107.926,1
1341,2016-01-05 15:00:00-06,0.16306666666666664,55.28,0.45,4.86,82.9796,1
1353,2016-01-05 16:00:00-06,0.2960833333333333,55.2,0.72,4.76,42.1758,1
1365,2016-01-05 17:00:00-06,0.4733333333333332,54.2,0.79,4.1,16.2036,1
1377,2016-01-05 18:00:00-06,0.4853333333333332,52.72,0.93,3.83,-1.70087,1
1389,2016-01-05 19:00:00-06,1.05325,51.24,0.93,4.46,-2.12608,1
1401,2016-01-05 20:00:00-06,1.8555166666666667,50.14,0.73,4.84,-2.38124,1
1413,2016-01-05 21:00:00-06,1.7329333333333332,49.52,0.88,4.84,-1.70113,1
1425,2016-01-05 22:00:00-06,1.4598833333333332,48.89,0.97,4.51,-1.9450900000000002,1
1437,2016-01-05 23:00:00-06,0.15665,48.64,0.97,4.62,-1.8884,1
1449,2016-01-06 00:00:00-06,0.12355,47.96,0.89,3.5,-1.8602299999999998,1
1461,2016-01-06 01:00:00-06,0.13555,47.53,0.76,3.35,-1.85457,1
1473,2016-01-06 02:00:00-06,0.1362833333333333,47.01,0.86,2.92,-2.3820200000000002,1
1485,2016-01-06 03:00:00-06,0.12485,46.87,0.84,2.91,-2.4841,1
1497,2016-01-06 04:00:00-06,0.2152,46.57,0.88,2.73,-2.13821,1
1509,2016-01-06 05:00:00-06,0.1646833333333333,46.04,0.86,2.14,-1.72417,1
1521,2016-01-06 06:00:00-06,0.2863333333333333,46.06,1.0,1.78,-2.3822900000000002,1
1533,2016-01-06 07:00:00-06,0.5957833333333332,46.13,0.88,2.56,-1.7698,1
1545,2016-01-06 08:00:00-06,0.3429833333333333,46.35,0.72,2.47,35.4754,1
1557,2016-01-06 09:00:00-06,0.90185,47.15,0.53,2.94,52.6909,1
1569,2016-01-06 10:00:00-06,0.3427166666666666,48.39,0.58,3.0,487.342,1
1581,2016-01-06 11:00:00-06,0.22221666666666665,50.01,0.69,3.62,384.32199999999995,1
1593,2016-01-06 12:00:00-06,0.3416833333333333,51.39,0.75,3.08,335.901,1
1605,2016-01-06 13:00:00-06,0.3181666666666666,52.32,0.7,3.9,155.946,1
1617,2016-01-06 14:00:00-06,0.8739666666666666,53.05,0.57,2.87,186.982,1
1629,2016-01-06 15:00:00-06,0.1952333333333333,53.7,0.52,3.16,396.49699999999996,1
1641,2016-01-06 16:00:00-06,0.21048333333333327,53.82,0.6,3.41,200.68599999999998,1
1653,2016-01-06 17:00:00-06,0.2396166666666666,53.42,0.67,2.15,88.9366,1
1665,2016-01-06 18:00:00-06,0.2777666666666666,52.75,0.69,2.41,-0.753328,1
1677,2016-01-06 19:00:00-06,0.5346833333333332,52.42,1.0,1.77,-2.9064799999999997,1
1689,2016-01-06 20:00:00-06,0.34015,52.46,1.0,1.83,-2.7198700000000002,1
1701,2016-01-06 21:00:00-06,1.11495,52.59,1.0,0.64,-2.69215,1
1713,2016-01-06 22:00:00-06,0.5106166666666666,52.29,1.0,1.6,-2.7204900000000003,1
1725,2016-01-06 23:00:00-06,0.12236666666666665,52.21,1.0,1.61,-2.60753,1
1737,2016-01-07 00:00:00-06,0.11566666666666665,52.39,0.88,1.02,-2.7212400000000003,1
1749,2016-01-07 01:00:00-06,0.12951666666666664,51.47,0.82,1.87,-2.38121,1
1761,2016-01-07 02:00:00-06,0.1186,51.36,0.76,1.79,-1.8879599999999999,1
1773,2016-01-07 03:00:00-06,0.1185,51.22,0.71,1.35,-1.7122,1
1785,2016-01-07 04:00:00-06,0.2332,51.08,0.72,1.35,-1.72354,1
1797,2016-01-07 05:00:00-06,0.1300333333333333,50.65,0.75,1.56,-1.8766200000000002,1
1809,2016-01-07 06:00:00-06,0.2435,50.08,0.81,2.32,-2.38119,1
1821,2016-01-07 07:00:00-06,0.8424333333333331,49.34,0.75,1.36,-2.38082,1
1833,2016-01-07 08:00:00-06,1.4377333333333333,49.84,0.72,2.78,21.9625,1
1845,2016-01-07 09:00:00-06,0.4734666666666666,51.06,0.76,3.14,113.986,1
1857,2016-01-07 10:00:00-06,0.2615166666666666,53.57,0.74,2.92,145.411,1
1869,2016-01-07 11:00:00-06,0.3429,56.43,0.57,2.98,129.97,1
1881,2016-01-07 12:00:00-06,0.27595,60.28,0.18,1.86,361.695,1
1893,2016-01-07 13:00:00-06,0.268,65.13,0.16,1.92,209.547,1
1905,2016-01-07 14:00:00-06,0.2779333333333333,68.19,0.12,2.19,567.729,1
1917,2016-01-07 15:00:00-06,0.27825,70.23,0.09,2.94,526.735,1
1929,2016-01-07 16:00:00-06,0.2628166666666666,69.54,0.08,2.6,352.14099999999996,1
1941,2016-01-07 17:00:00-06,0.2667833333333333,67.18,0.1,3.99,151.954,1
1953,2016-01-07 18:00:00-06,1.2810333333333332,62.73,0.1,3.75,-0.26621999999999996,1
1965,2016-01-07 19:00:00-06,0.6120666666666666,59.93,0.0,3.54,-3.1560900000000003,1
1977,2016-01-07 20:00:00-06,0.2789833333333333,56.88,0.0,2.93,-3.20814,1
1989,2016-01-07 21:00:00-06,0.20836666666666664,55.24,0.0,2.66,-3.39605,1
2001,2016-01-07 22:00:00-06,0.5526166666666666,54.02,0.0,2.04,-2.97689,1
2013,2016-01-07 23:00:00-06,0.6112333333333332,52.74,0.01,2.06,-2.7223,1
2025,2016-01-08 00:00:00-06,0.6607166666666666,50.62,0.17,2.71,-2.7223,1
2037,2016-01-08 01:00:00-06,0.2058,49.06,0.15,2.29,-1.88293,1
2049,2016-01-08 02:00:00-06,0.2986,47.83,0.13,3.21,-2.06407,1
2061,2016-01-08 03:00:00-06,0.24425,46.86,0.08,2.22,-2.11499,1
2073,2016-01-08 04:00:00-06,0.2720666666666666,45.89,0.08,1.21,-2.3816900000000003,1
2085,2016-01-08 05:00:00-06,0.2343833333333333,46.02,0.13,2.18,-1.84323,1
2097,2016-01-08 06:00:00-06,0.1540833333333333,45.42,0.21,2.74,-2.0417099999999997,1
2109,2016-01-08 07:00:00-06,0.16026666666666664,45.25,0.29,2.52,-1.8712799999999998,1
2121,2016-01-08 08:00:00-06,0.13481666666666664,46.18,0.2,1.07,44.695,1
2133,2016-01-08 09:00:00-06,0.3170666666666666,48.91,0.2,1.04,200.065,1
2145,2016-01-08 10:00:00-06,0.2125,51.99,0.83,1.02,417.158,1
2157,2016-01-08 11:00:00-06,0.24155,55.57,0.87,2.1,718.319,1
2169,2016-01-08 12:00:00-06,0.2409,60.05,0.4,4.03,477.962,1
2181,2016-01-08 13:00:00-06,0.2919666666666666,61.63,0.4,3.96,460.81300000000005,1
2193,2016-01-08 14:00:00-06,0.2224333333333333,62.8,0.37,3.02,317.875,1
2205,2016-01-08 15:00:00-06,0.3738833333333333,63.67,0.2,2.97,183.55599999999998,1
2217,2016-01-08 16:00:00-06,0.90925,63.98,0.26,2.35,173.593,1
2229,2016-01-08 17:00:00-06,1.6187,63.02,0.28,1.71,76.5486,1
2241,2016-01-08 18:00:00-06,1.7339833333333332,60.52,0.24,0.48,-0.985291,1
2253,2016-01-08 19:00:00-06,1.86875,58.16,0.16,0.26,-3.3536599999999996,1
2265,2016-01-08 20:00:00-06,1.7643333333333333,55.61,0.11,0.82,-2.92939,1
2277,2016-01-08 21:00:00-06,1.7449333333333332,55.71,0.36,2.13,-2.94151,1
2289,2016-01-08 22:00:00-06,1.0569833333333332,55.53,0.5,2.62,-2.72099,1
2301,2016-01-08 23:00:00-06,0.1296,55.39,0.35,5.08,-2.72138,1
2313,2016-01-09 00:00:00-06,0.1399333333333333,54.77,0.65,5.57,-2.72138,0
2325,2016-01-09 01:00:00-06,0.12871666666666665,54.17,0.4,4.35,-1.7065299999999999,0
2337,2016-01-09 02:00:00-06,0.13906666666666664,52.12,0.2,4.93,-2.72138,0
2349,2016-01-09 03:00:00-06,0.20348333333333327,50.85,0.03,4.69,-2.78983,0
2361,2016-01-09 04:00:00-06,0.19211666666666666,49.08,0.02,4.8,-2.7223,0
2373,2016-01-09 05:00:00-06,0.13625,47.68,0.02,5.45,-3.05721,0
2385,2016-01-09 06:00:00-06,0.13105,46.28,0.03,5.81,-3.3241199999999997,0
2397,2016-01-09 07:00:00-06,0.1251833333333333,44.94,0.09,7.16,-3.04661,0
2409,2016-01-09 08:00:00-06,0.1749,44.18,0.17,8.08,96.5951,0
2421,2016-01-09 09:00:00-06,0.3438166666666666,45.02,0.48,9.01,307.435,0
2433,2016-01-09 10:00:00-06,0.5475,47.18,0.25,9.7,495.721,0
2445,2016-01-09 11:00:00-06,1.6611333333333331,49.56,0.19,10.04,646.1469999999999,0
2457,2016-01-09 12:00:00-06,1.6649333333333332,50.73,0.26,10.12,730.58,0
2469,2016-01-09 13:00:00-06,1.8295333333333332,51.4,0.31,9.99,735.3660000000001,0
2481,2016-01-09 14:00:00-06,0.85485,50.78,0.36,10.29,698.692,0
2493,2016-01-09 15:00:00-06,0.4438166666666665,49.14,0.24,10.53,501.337,0
2505,2016-01-09 16:00:00-06,0.45145,47.24,0.26,9.38,379.68800000000005,0
2517,2016-01-09 17:00:00-06,0.4913833333333332,45.22,0.42,10.16,183.61700000000002,0
2529,2016-01-09 18:00:00-06,0.8771666666666667,43.3,0.44,9.6,-0.974575,0
2541,2016-01-09 19:00:00-06,0.7964,42.62,0.61,9.41,-3.3161,0
2553,2016-01-09 20:00:00-06,0.2933,41.7,0.6,8.97,-3.2886300000000004,0
2565,2016-01-09 21:00:00-06,0.1995,40.98,0.59,7.61,-2.98318,0
2577,2016-01-09 22:00:00-06,0.1897,39.94,0.27,7.2,-2.72308,0
2589,2016-01-09 23:00:00-06,0.6041833333333332,38.78,0.18,5.96,-3.06363,0
2601,2016-01-10 00:00:00-06,1.5244166666666668,37.53,0.26,5.99,-2.75245,0
2613,2016-01-10 01:00:00-06,1.5128833333333331,36.74,0.26,6.21,-2.88895,0
2625,2016-01-10 02:00:00-06,1.5082166666666668,35.7,0.25,5.58,-2.72503,0
2637,2016-01-10 03:00:00-06,0.68005,34.87,0.24,5.57,-2.72534,0
2649,2016-01-10 04:00:00-06,1.248133333333333,33.93,0.24,5.51,-2.72593,0
2661,2016-01-10 05:00:00-06,1.5039166666666668,33.09,0.25,5.45,-2.6408099999999997,0
2673,2016-01-10 06:00:00-06,1.022333333333333,32.81,0.25,5.51,-2.78848,0
2685,2016-01-10 07:00:00-06,1.2613333333333332,32.85,0.25,5.15,-2.7263900000000003,0
2697,2016-01-10 08:00:00-06,0.16866666666666666,33.45,0.25,4.69,98.3846,0
2709,2016-01-10 09:00:00-06,0.4844,36.4,0.25,6.72,305.726,0
2721,2016-01-10 10:00:00-06,0.4801166666666666,39.31,0.25,6.98,493.286,0
2733,2016-01-10 11:00:00-06,0.42165,41.66,0.25,6.0,642.173,0
2745,2016-01-10 12:00:00-06,0.3052166666666666,44.51,0.22,4.82,726.3,0
2757,2016-01-10 13:00:00-06,0.4100666666666665,46.3,0.22,4.42,740.045,0
2769,2016-01-10 14:00:00-06,0.39325,47.64,0.22,4.35,679.498,0
2781,2016-01-10 15:00:00-06,0.3575333333333333,48.42,0.28,3.77,551.374,0
2793,2016-01-10 16:00:00-06,0.21973333333333328,48.35,0.4,3.13,375.13,0
2805,2016-01-10 17:00:00-06,0.8411833333333331,46.81,0.55,3.71,169.041,0
2817,2016-01-10 18:00:00-06,0.8006666666666666,44.17,0.69,3.79,1.8374400000000002,0
2829,2016-01-10 19:00:00-06,0.3421,42.14,0.67,3.77,-2.72317,0
2841,2016-01-10 20:00:00-06,0.3925,41.25,0.63,2.91,-2.7241400000000002,0
2853,2016-01-10 21:00:00-06,0.2634,40.2,0.69,2.52,-2.72474,0
2865,2016-01-10 22:00:00-06,0.4904833333333332,39.36,0.61,3.24,-2.7251,0
2877,2016-01-10 23:00:00-06,0.2978666666666666,38.54,0.66,3.45,-2.72553,0
2889,2016-01-11 00:00:00-06,1.6751166666666668,38.75,0.61,2.61,-2.38512,1
2901,2016-01-11 01:00:00-06,1.6781166666666667,36.82,0.38,2.14,-1.9023299999999999,1
2913,2016-01-11 02:00:00-06,1.5333333333333332,35.56,0.3,1.61,-1.8738099999999998,1
2925,2016-01-11 03:00:00-06,0.9330166666666664,34.32,0.23,1.67,-1.6977400000000002,1
2937,2016-01-11 04:00:00-06,0.86635,34.25,0.22,1.99,-1.70318,1
2949,2016-01-11 05:00:00-06,0.9948833333333332,33.86,0.2,1.2,-1.70317,1
2961,2016-01-11 06:00:00-06,0.9993833333333332,33.07,0.2,1.18,-1.70317,1
2973,2016-01-11 07:00:00-06,0.56025,34.02,0.22,0.85,-1.70297,1
2985,2016-01-11 08:00:00-06,0.1956,35.4,0.24,0.76,7.45873,1
2997,2016-01-11 09:00:00-06,0.37421666666666653,38.65,0.24,1.44,38.0793,1
3009,2016-01-11 10:00:00-06,0.3026666666666666,42.28,0.21,1.21,58.976000000000006,1
3021,2016-01-11 11:00:00-06,0.2443333333333333,45.77,0.33,1.19,100.476,1
3033,2016-01-11 12:00:00-06,0.2692833333333333,48.99,0.29,1.23,96.0593,1
3045,2016-01-11 13:00:00-06,0.22036666666666666,51.35,0.27,1.51,205.842,1
3057,2016-01-11 14:00:00-06,0.3658166666666666,52.74,0.27,1.43,133.966,1
3069,2016-01-11 15:00:00-06,0.2625,54.29,0.27,1.55,134.148,1
3081,2016-01-11 16:00:00-06,0.3676,54.25,0.31,1.17,36.3502,1
3093,2016-01-11 17:00:00-06,0.3840833333333333,53.32,0.29,1.42,15.6926,1
3105,2016-01-11 18:00:00-06,1.5788333333333333,50.36,0.21,1.33,-1.02122,1
3117,2016-01-11 19:00:00-06,0.7643666666666666,46.73,0.23,1.82,-1.83292,1
3129,2016-01-11 20:00:00-06,0.6855,44.19,0.21,1.26,-1.833,1
3141,2016-01-11 21:00:00-06,0.4980666666666666,42.17,0.02,0.47,-2.54245,1
3153,2016-01-11 22:00:00-06,0.86835,40.42,0.0,0.34,-1.7025299999999999,1
3165,2016-01-11 23:00:00-06,0.2,38.6,0.0,0.72,-1.7023099999999998,1
3177,2016-01-12 00:00:00-06,0.19395,38.27,0.0,1.1,-1.7021700000000002,1
3189,2016-01-12 01:00:00-06,0.1394333333333333,37.53,0.0,1.28,-1.70208,1
3201,2016-01-12 02:00:00-06,0.1304833333333333,36.57,0.0,1.57,-1.70202,1
3213,2016-01-12 03:00:00-06,0.1279,35.76,0.0,1.59,-2.2412900000000002,1
3225,2016-01-12 04:00:00-06,0.1266,36.08,0.0,2.45,-1.7025299999999999,1
3237,2016-01-12 05:00:00-06,0.12661666666666666,35.86,0.01,2.72,-2.05424,1
3249,2016-01-12 06:00:00-06,0.2453833333333333,36.0,0.01,2.81,-2.04304,1
3261,2016-01-12 07:00:00-06,0.4017,36.9,0.01,2.45,-2.3835599999999997,1
3273,2016-01-12 08:00:00-06,0.2918333333333333,38.9,0.0,3.64,27.1961,1
3285,2016-01-12 09:00:00-06,0.5296833333333332,43.31,0.0,4.22,147.20600000000002,1
3297,2016-01-12 10:00:00-06,0.3029833333333333,49.14,0.01,2.73,226.84599999999998,1
3309,2016-01-12 11:00:00-06,0.3569333333333333,54.87,0.01,3.57,421.519,1
3321,2016-01-12 12:00:00-06,0.7393666666666666,58.98,0.01,3.09,370.30699999999996,1
3333,2016-01-12 13:00:00-06,0.8944666666666666,61.83,0.01,1.72,396.67800000000005,1
3345,2016-01-12 14:00:00-06,0.2494166666666666,63.2,0.01,0.98,562.524,1
3357,2016-01-12 15:00:00-06,0.2689666666666666,63.53,0.01,0.91,427.423,1
3369,2016-01-12 16:00:00-06,0.19991666666666666,63.32,0.01,0.69,130.026,1
3381,2016-01-12 17:00:00-06,0.20405,62.08,0.01,0.92,104.08,1
3393,2016-01-12 18:00:00-06,0.2986,57.14,0.01,2.46,0.9069209999999999,1
3405,2016-01-12 19:00:00-06,0.18543333333333328,53.09,0.0,1.72,-2.3075,1
3417,2016-01-12 20:00:00-06,0.2653333333333333,50.74,0.0,1.97,-2.38147,1
3429,2016-01-12 21:00:00-06,0.46235,47.18,0.0,1.95,-2.0927700000000002,1
3441,2016-01-12 22:00:00-06,0.15035,45.53,0.0,1.28,-2.25157,1
3453,2016-01-12 23:00:00-06,0.21153333333333327,44.05,0.0,1.12,-2.21208,1
3465,2016-01-13 00:00:00-06,0.18335,44.6,0.04,1.64,-2.38242,1
3477,2016-01-13 01:00:00-06,0.13116666666666665,43.41,0.11,1.97,-2.72321,1
3489,2016-01-13 02:00:00-06,0.1277833333333333,43.07,0.11,2.69,-2.38282,1
3501,2016-01-13 03:00:00-06,0.1259,42.58,0.14,2.47,-2.72323,1
3513,2016-01-13 04:00:00-06,0.12465,40.81,0.17,1.93,-2.72407,1
3525,2016-01-13 05:00:00-06,0.12376666666666665,39.78,0.21,1.95,-2.7242,1
3537,2016-01-13 06:00:00-06,0.2452,38.71,0.25,1.3,-2.7242,1
3549,2016-01-13 07:00:00-06,0.7556,39.13,0.25,1.45,-2.04334,1
3561,2016-01-13 08:00:00-06,0.256,40.39,0.25,1.61,57.5718,1
3573,2016-01-13 09:00:00-06,0.6964166666666666,46.26,0.24,1.7,409.36,1
3585,2016-01-13 10:00:00-06,0.7807666666666666,51.95,0.28,2.88,158.49200000000002,1
3597,2016-01-13 11:00:00-06,0.3326333333333333,56.91,0.34,4.67,145.452,1
3609,2016-01-13 12:00:00-06,0.12415,60.94,0.36,5.18,174.173,1
3621,2016-01-13 13:00:00-06,0.1779333333333333,62.95,0.32,5.78,372.26199999999994,1
3633,2016-01-13 14:00:00-06,0.1359333333333333,63.93,0.24,6.06,188.09900000000002,1
3645,2016-01-13 15:00:00-06,0.1652833333333333,64.87,0.18,6.19,76.3134,1
3657,2016-01-13 16:00:00-06,0.13651666666666665,64.46,0.2,6.05,154.349,1
3669,2016-01-13 17:00:00-06,0.19878333333333328,62.89,0.14,4.95,26.6239,1
3681,2016-01-13 18:00:00-06,0.1249,59.65,0.09,3.73,-0.691329,1
3693,2016-01-13 19:00:00-06,0.75185,56.64,0.03,2.75,-1.995,1
3705,2016-01-13 20:00:00-06,0.4055166666666665,54.02,0.01,2.21,-1.94405,1
3717,2016-01-13 21:00:00-06,1.8494666666666668,51.44,0.02,1.77,-1.9385700000000001,1
3729,2016-01-13 22:00:00-06,1.9678833333333332,48.67,0.02,2.67,-2.31278,1
3741,2016-01-13 23:00:00-06,0.662,47.86,0.02,1.76,-4.01929,1
3753,2016-01-14 00:00:00-06,0.18588333333333326,47.32,0.09,2.23,-2.38121,1
3765,2016-01-14 01:00:00-06,0.13316666666666666,47.29,0.17,2.56,-2.72138,1
3777,2016-01-14 02:00:00-06,0.14045,48.95,0.54,2.27,-1.84883,1
3789,2016-01-14 03:00:00-06,0.1270333333333333,48.17,0.24,1.56,-1.70118,1
3801,2016-01-14 04:00:00-06,0.1262833333333333,47.82,0.51,1.49,-1.70128,1
3813,2016-01-14 05:00:00-06,0.13856666666666664,47.84,0.31,1.18,-1.70138,1
3825,2016-01-14 06:00:00-06,0.3278333333333333,47.38,0.53,0.6,-1.9053900000000001,1
3837,2016-01-14 07:00:00-06,0.5708166666666666,47.16,0.24,0.79,-2.3816200000000003,1
3849,2016-01-14 08:00:00-06,0.3379166666666666,47.58,0.19,0.7,31.2837,1
3861,2016-01-14 09:00:00-06,0.23145,50.41,0.19,1.02,112.397,1
3873,2016-01-14 10:00:00-06,0.2545666666666666,55.84,0.42,2.0,259.2,1
3885,2016-01-14 11:00:00-06,0.19785,59.95,0.42,3.6,267.687,1
3897,2016-01-14 12:00:00-06,0.14401666666666665,63.3,0.48,3.96,398.473,1
3909,2016-01-14 13:00:00-06,0.13445,65.75,0.42,4.53,313.448,1
3921,2016-01-14 14:00:00-06,0.13531666666666664,66.91,0.44,5.59,308.191,1
3933,2016-01-14 15:00:00-06,0.1361333333333333,67.5,0.38,5.91,336.57199999999995,1
3945,2016-01-14 16:00:00-06,0.1254833333333333,67.94,0.31,4.97,366.583,1
3957,2016-01-14 17:00:00-06,0.9336166666666664,66.5,0.26,5.53,168.78400000000002,1
3969,2016-01-14 18:00:00-06,1.06235,63.68,0.2,4.47,2.39522,1
3981,2016-01-14 19:00:00-06,0.54915,61.01,0.14,4.01,-3.4954699999999996,1
3993,2016-01-14 20:00:00-06,0.4702666666666666,59.39,0.06,4.69,-3.0943,1
4005,2016-01-14 21:00:00-06,0.532,57.46,0.03,4.43,-2.88518,1
4017,2016-01-14 22:00:00-06,0.5714166666666666,56.0,0.02,3.87,-2.88009,1
4029,2016-01-14 23:00:00-06,0.1633333333333333,54.83,0.04,2.51,-2.72138,1
4041,2016-01-15 00:00:00-06,0.15235,54.04,0.08,3.76,-2.72138,1
4053,2016-01-15 01:00:00-06,0.13486666666666666,53.24,0.09,3.65,-2.72138,1
4065,2016-01-15 02:00:00-06,0.13356666666666664,52.27,0.15,3.97,-3.05631,1
4077,2016-01-15 03:00:00-06,0.13701666666666665,51.49,0.1,3.9,-2.93214,1
4089,2016-01-15 04:00:00-06,0.1266,50.52,0.18,3.55,-2.7226,1
4101,2016-01-15 05:00:00-06,0.13686666666666664,49.68,0.24,4.31,-2.7231099999999997,1
4113,2016-01-15 06:00:00-06,0.22096666666666664,49.2,0.25,5.29,-3.06363,1
4125,2016-01-15 07:00:00-06,0.4132,48.87,0.25,5.63,-3.06363,1
4137,2016-01-15 08:00:00-06,0.2315833333333333,49.03,0.24,5.62,96.3341,1
4149,2016-01-15 09:00:00-06,0.33835,52.36,0.24,6.99,299.817,1
4161,2016-01-15 10:00:00-06,0.346,55.75,0.24,7.25,485.315,1
4173,2016-01-15 11:00:00-06,0.19408333333333327,59.82,0.19,6.13,638.492,1
4185,2016-01-15 12:00:00-06,0.15455,63.11,0.11,5.08,725.555,1
4197,2016-01-15 13:00:00-06,0.1440833333333333,65.13,0.16,4.52,731.453,1
4209,2016-01-15 14:00:00-06,0.2695333333333333,66.7,0.2,3.36,686.582,1
4221,2016-01-15 15:00:00-06,0.9042666666666666,66.91,0.2,1.74,556.045,1
4233,2016-01-15 16:00:00-06,0.2370166666666666,66.16,0.24,1.19,378.67900000000003,1
4245,2016-01-15 17:00:00-06,0.16815,63.81,0.26,0.68,181.75099999999998,1
4257,2016-01-15 18:00:00-06,0.3369166666666666,59.8,0.18,2.04,1.8504900000000002,1
4269,2016-01-15 19:00:00-06,0.4508333333333333,56.65,0.0,1.96,-4.15608,1
4281,2016-01-15 20:00:00-06,0.2,53.6,0.0,1.44,-3.4556199999999997,1
4293,2016-01-15 21:00:00-06,0.29415,51.15,0.0,2.11,-3.2982400000000003,1
4305,2016-01-15 22:00:00-06,0.20506666666666665,48.88,0.03,2.19,-3.65047,1
4317,2016-01-15 23:00:00-06,0.2034,46.88,0.05,2.01,-2.96517,1
4329,2016-01-16 00:00:00-06,0.7028833333333332,45.75,0.16,1.15,-2.72224,0
4341,2016-01-16 01:00:00-06,0.1369,44.52,0.21,1.56,-2.7223,0
4353,2016-01-16 02:00:00-06,0.1238833333333333,43.89,0.25,1.49,-3.05125,0
4365,2016-01-16 03:00:00-06,0.136,43.73,0.29,1.27,-2.0531599999999997,0
4377,2016-01-16 04:00:00-06,0.12261666666666665,43.4,0.38,1.05,-1.21937,0
4389,2016-01-16 05:00:00-06,0.1214,43.09,0.51,1.79,-1.7746099999999998,0
4401,2016-01-16 06:00:00-06,0.12126666666666665,43.67,0.56,1.37,-1.70072,0
4413,2016-01-16 07:00:00-06,0.20088333333333327,44.86,0.55,2.21,-1.8024,0
4425,2016-01-16 08:00:00-06,0.2990166666666666,46.27,0.55,2.77,28.1795,0
4437,2016-01-16 09:00:00-06,0.39505,48.44,0.66,1.96,123.41799999999999,0
4449,2016-01-16 10:00:00-06,1.1162833333333333,49.29,0.53,1.6,472.34,0
4461,2016-01-16 11:00:00-06,1.3709,51.98,0.66,1.76,601.762,0
4473,2016-01-16 12:00:00-06,0.4607,52.27,0.63,3.08,725.2719999999999,0
4485,2016-01-16 13:00:00-06,0.7333666666666665,54.27,0.58,1.9,725.512,0
4497,2016-01-16 14:00:00-06,0.6569,57.55,0.32,4.88,678.802,0
4509,2016-01-16 15:00:00-06,0.4415,59.23,0.16,8.61,536.09,0
4521,2016-01-16 16:00:00-06,0.4321,56.71,0.18,10.81,379.18199999999996,0
4533,2016-01-16 17:00:00-06,0.7277833333333332,53.45,0.24,11.04,187.567,0
4545,2016-01-16 18:00:00-06,0.3232166666666666,49.68,0.3,10.72,4.63845,0
4557,2016-01-16 19:00:00-06,0.3201,46.96,0.33,11.7,-3.76197,0
4569,2016-01-16 20:00:00-06,0.4419333333333333,45.07,0.11,10.31,-3.7406099999999998,0
4581,2016-01-16 21:00:00-06,0.3057166666666666,44.85,0.66,9.88,-3.40165,0
4593,2016-01-16 22:00:00-06,0.2645333333333333,43.58,0.41,7.95,-3.0167,0
4605,2016-01-16 23:00:00-06,0.2522333333333333,42.41,0.77,5.78,-3.06259,0
4617,2016-01-17 00:00:00-06,0.2527166666666666,41.76,0.61,4.69,-3.04587,0
4629,2016-01-17 01:00:00-06,0.2525666666666666,40.78,0.43,4.01,-3.04093,0
4641,2016-01-17 02:00:00-06,0.2511666666666666,39.26,0.01,3.71,-3.06428,0
4653,2016-01-17 03:00:00-06,0.2502833333333333,37.75,0.01,2.82,-3.06491,0
4665,2016-01-17 04:00:00-06,0.3355833333333333,35.81,0.01,3.42,-2.72499,0
4677,2016-01-17 05:00:00-06,0.1267333333333333,34.84,0.01,1.75,-2.72517,0
4689,2016-01-17 06:00:00-06,0.12331666666666664,33.87,0.01,1.31,-3.00943,0
4701,2016-01-17 07:00:00-06,0.12256666666666664,32.94,0.02,2.51,-3.06644,0
4713,2016-01-17 08:00:00-06,0.17436666666666664,34.27,0.01,2.12,104.587,0
4725,2016-01-17 09:00:00-06,0.3304333333333333,38.37,0.01,1.24,302.82,0
4737,2016-01-17 10:00:00-06,0.2767666666666666,43.24,0.02,0.52,485.79900000000004,0
4749,2016-01-17 11:00:00-06,0.9882666666666664,47.46,0.03,1.66,643.5369999999999,0
4761,2016-01-17 12:00:00-06,0.8944666666666666,50.52,0.04,2.07,730.3960000000001,0
4773,2016-01-17 13:00:00-06,0.4244,52.73,0.07,2.8,744.8489999999999,0
4785,2016-01-17 14:00:00-06,0.3295166666666666,54.01,0.09,3.6,690.41,0
4797,2016-01-17 15:00:00-06,0.3250833333333333,55.36,0.11,4.36,559.625,0
4809,2016-01-17 16:00:00-06,0.2798333333333333,55.49,0.1,4.82,381.907,0
4821,2016-01-17 17:00:00-06,0.3129666666666666,54.4,0.07,4.39,192.855,0
4833,2016-01-17 18:00:00-06,0.4719833333333332,52.14,0.01,2.97,3.53104,0
4845,2016-01-17 19:00:00-06,0.5327166666666666,49.39,0.03,2.84,-3.06154,0
4857,2016-01-17 20:00:00-06,0.39861666666666656,47.32,0.03,2.31,-2.72238,0
4869,2016-01-17 21:00:00-06,0.5240833333333332,45.44,0.04,2.35,-2.7232,0
4881,2016-01-17 22:00:00-06,0.4237,43.48,0.03,1.93,-2.8593900000000003,0
4893,2016-01-17 23:00:00-06,0.15976666666666664,42.19,0.02,1.73,-2.72379,0
4905,2016-01-18 00:00:00-06,0.12691666666666665,40.71,0.12,1.38,-2.72415,1
4917,2016-01-18 01:00:00-06,0.12421666666666666,38.96,0.08,0.82,-2.7243,1
4929,2016-01-18 02:00:00-06,0.1233833333333333,37.16,0.06,0.23,-2.72497,1
4941,2016-01-18 03:00:00-06,0.12695,36.69,0.04,0.51,-2.72507,1
4953,2016-01-18 04:00:00-06,0.1257333333333333,36.09,0.06,0.88,-2.72518,1
4965,2016-01-18 05:00:00-06,0.12526666666666664,35.29,0.09,1.8,-2.7255,1
4977,2016-01-18 06:00:00-06,0.2506,36.26,0.12,1.42,-2.7255,1
4989,2016-01-18 07:00:00-06,0.3394666666666666,36.91,0.12,3.15,-2.7254400000000003,1
5001,2016-01-18 08:00:00-06,0.2491666666666666,38.04,0.11,2.15,37.9474,1
5013,2016-01-18 09:00:00-06,0.3496666666666666,42.7,0.1,2.13,284.39099999999996,1
5025,2016-01-18 10:00:00-06,0.2739166666666666,47.06,0.1,2.86,575.274,1
5037,2016-01-18 11:00:00-06,0.3121333333333333,49.01,0.1,2.84,694.73,1
5049,2016-01-18 12:00:00-06,0.2384166666666666,51.35,0.09,1.46,742.591,1
5061,2016-01-18 13:00:00-06,0.3026,53.99,0.1,0.97,793.128,1
5073,2016-01-18 14:00:00-06,0.2639666666666666,55.81,0.09,0.33,700.74,1
5085,2016-01-18 15:00:00-06,0.23695,57.24,0.09,1.55,559.327,1
5097,2016-01-18 16:00:00-06,0.2873666666666666,58.23,0.12,1.68,369.23400000000004,1
5109,2016-01-18 17:00:00-06,0.1986,56.55,0.13,2.38,185.25900000000001,1
5121,2016-01-18 18:00:00-06,0.3559,53.21,0.08,3.16,5.62467,1
5133,2016-01-18 19:00:00-06,0.4595,50.08,0.0,2.98,-3.0314200000000002,1
5145,2016-01-18 20:00:00-06,0.3602666666666666,47.4,0.0,2.62,-2.72095,1
5157,2016-01-18 21:00:00-06,0.2793833333333333,45.49,0.0,2.48,-2.7214099999999997,1
5169,2016-01-18 22:00:00-06,0.13866666666666666,44.15,0.0,2.84,-2.72226,1
5181,2016-01-18 23:00:00-06,0.13071666666666665,43.2,0.0,2.45,-2.7225599999999996,1
5193,2016-01-19 00:00:00-06,0.1281,43.78,0.16,2.24,-2.72283,1
5205,2016-01-19 01:00:00-06,0.1272,44.85,0.2,1.85,-2.72322,1
5217,2016-01-19 02:00:00-06,0.1294333333333333,44.02,0.26,2.47,-2.72323,1
5229,2016-01-19 03:00:00-06,0.1285333333333333,43.22,0.44,2.24,-2.72323,1
5241,2016-01-19 04:00:00-06,0.12716666666666665,42.98,0.23,1.96,-2.72323,1
5253,2016-01-19 05:00:00-06,0.12625,42.41,0.74,1.76,-2.72323,1
5265,2016-01-19 06:00:00-06,0.2530333333333333,44.38,0.78,2.09,-2.72323,1
5277,2016-01-19 07:00:00-06,0.757,44.64,0.94,2.03,-2.72323,1
5289,2016-01-19 08:00:00-06,0.74355,45.37,0.94,2.02,90.6778,1
5301,2016-01-19 09:00:00-06,0.31735,48.1,0.61,2.53,181.07299999999998,1
5313,2016-01-19 10:00:00-06,0.3200333333333333,53.15,0.81,4.09,254.213,1
5325,2016-01-19 11:00:00-06,0.2606,58.65,0.95,6.03,506.161,1
5337,2016-01-19 12:00:00-06,0.2545,60.98,0.91,6.73,431.76300000000003,1
5349,2016-01-19 13:00:00-06,0.1575333333333333,64.05,0.52,7.11,535.802,1
5361,2016-01-19 14:00:00-06,0.1569,66.08,0.52,7.63,306.01,1
5373,2016-01-19 15:00:00-06,0.2294333333333333,67.25,0.5,8.36,600.77,1
5385,2016-01-19 16:00:00-06,0.15976666666666664,66.63,0.65,6.86,457.871,1
5397,2016-01-19 17:00:00-06,0.2454833333333333,66.14,0.34,5.53,170.03099999999998,1
5409,2016-01-19 18:00:00-06,0.2904333333333333,63.74,0.18,3.62,4.9614,1
5421,2016-01-19 19:00:00-06,0.4267833333333333,62.29,0.21,1.9,-2.74777,1
5433,2016-01-19 20:00:00-06,0.5036666666666666,59.96,0.91,2.84,-2.7197400000000003,1
5445,2016-01-19 21:00:00-06,0.2643666666666666,58.16,0.94,1.68,-2.72045,1
5457,2016-01-19 22:00:00-06,0.19225,57.57,0.67,2.28,-1.9554200000000002,1
5469,2016-01-19 23:00:00-06,0.15165,55.98,0.13,1.47,-1.7005099999999997,1
5481,2016-01-20 00:00:00-06,0.13686666666666664,53.41,0.2,2.13,-2.38043,1
5493,2016-01-20 01:00:00-06,0.14496666666666666,51.66,0.33,3.01,-2.72053,1
5505,2016-01-20 02:00:00-06,0.1341333333333333,51.36,0.87,4.05,-2.7210099999999997,1
5517,2016-01-20 03:00:00-06,0.1441333333333333,49.99,0.89,4.78,-2.72138,1
5529,2016-01-20 04:00:00-06,0.1319,48.58,0.92,4.55,-2.57397,1
5541,2016-01-20 05:00:00-06,0.1423,47.64,0.93,5.17,-2.72138,1
5553,2016-01-20 06:00:00-06,0.4307166666666665,46.01,0.85,4.94,-2.64201,1
5565,2016-01-20 07:00:00-06,0.6118833333333332,45.41,0.89,4.48,-2.38121,1
5577,2016-01-20 08:00:00-06,0.44695,44.79,0.77,4.67,28.9374,1
5589,2016-01-20 09:00:00-06,0.6828666666666666,45.07,0.76,4.33,131.766,1
5601,2016-01-20 10:00:00-06,0.25665,46.67,0.78,4.34,290.71299999999997,1
5613,2016-01-20 11:00:00-06,0.2426,49.45,0.91,3.73,610.029,1
5625,2016-01-20 12:00:00-06,0.2306666666666666,51.61,0.86,2.58,708.294,1
5637,2016-01-20 13:00:00-06,0.2443166666666666,53.68,0.79,1.61,722.674,1
5649,2016-01-20 14:00:00-06,0.3246333333333333,54.36,0.34,1.47,663.9860000000001,1
5661,2016-01-20 15:00:00-06,0.2352666666666666,55.94,0.74,1.83,561.748,1
5673,2016-01-20 16:00:00-06,0.2429166666666666,55.55,0.79,2.31,387.403,1
5685,2016-01-20 17:00:00-06,0.37251666666666655,55.21,0.8,2.26,179.112,1
5697,2016-01-20 18:00:00-06,1.0246,54.45,0.9,2.11,6.9865699999999995,1
5709,2016-01-20 19:00:00-06,0.4921666666666666,54.25,0.98,1.68,-2.71857,1
5721,2016-01-20 20:00:00-06,0.6939833333333332,54.36,0.99,2.0,-2.71938,1
5733,2016-01-20 21:00:00-06,0.5304333333333332,53.91,1.0,2.68,-2.71957,1
5745,2016-01-20 22:00:00-06,0.3028666666666666,53.72,1.0,3.18,-1.70566,1
5757,2016-01-20 23:00:00-06,0.13615,53.25,1.0,2.5,-2.72,1
5769,2016-01-21 00:00:00-06,0.1373,52.54,0.89,0.54,-2.72038,1
5781,2016-01-21 01:00:00-06,0.1365833333333333,51.73,0.78,0.98,-2.7204599999999997,1
5793,2016-01-21 02:00:00-06,0.1249333333333333,51.54,0.44,0.91,-2.72053,1
5805,2016-01-21 03:00:00-06,0.1353333333333333,51.14,0.76,0.98,-2.7206,1
5817,2016-01-21 04:00:00-06,0.1268,51.27,0.8,0.96,-2.78327,1
5829,2016-01-21 05:00:00-06,0.1281,51.45,0.85,1.32,-2.72134,1
5841,2016-01-21 06:00:00-06,0.3995833333333333,52.48,0.88,1.66,-2.7554,1
5853,2016-01-21 07:00:00-06,0.2570166666666666,52.86,0.86,2.51,-3.06156,1
5865,2016-01-21 08:00:00-06,0.3377833333333333,54.56,0.31,3.37,19.0213,1
5877,2016-01-21 09:00:00-06,0.3937,56.78,0.42,4.53,141.938,1
5889,2016-01-21 10:00:00-06,0.9318333333333332,59.24,0.64,7.09,453.454,1
5901,2016-01-21 11:00:00-06,0.2353666666666666,61.03,0.38,10.21,615.549,1
5913,2016-01-21 12:00:00-06,0.16581666666666664,60.77,0.14,12.32,373.097,1
5925,2016-01-21 13:00:00-06,0.1581833333333333,60.29,0.29,12.9,676.73,1
5937,2016-01-21 14:00:00-06,0.1462,59.85,0.17,12.23,680.799,1
5949,2016-01-21 15:00:00-06,0.15601666666666664,58.63,0.11,13.2,560.516,1
5961,2016-01-21 16:00:00-06,0.16106666666666666,57.11,0.0,11.38,383.00699999999995,1
5973,2016-01-21 17:00:00-06,0.25935,57.63,0.01,10.34,198.43400000000003,1
5985,2016-01-21 18:00:00-06,0.27315,54.52,0.0,9.47,9.2698,1
5997,2016-01-21 19:00:00-06,0.3570666666666666,51.42,0.0,7.99,-3.39905,1
6009,2016-01-21 20:00:00-06,0.36048333333333327,48.71,0.0,5.15,-3.3997599999999997,1
6021,2016-01-21 21:00:00-06,0.3128666666666666,45.69,0.0,5.17,-3.40065,1
6033,2016-01-21 22:00:00-06,0.14035,44.97,0.0,6.43,-3.2486099999999998,1
6045,2016-01-21 23:00:00-06,0.12655,44.01,0.0,7.55,-3.1362099999999997,1
6057,2016-01-22 00:00:00-06,0.12631666666666666,42.61,0.0,5.45,-2.86446,1
6069,2016-01-22 01:00:00-06,0.12456666666666665,41.74,0.0,6.17,-2.82533,1
6081,2016-01-22 02:00:00-06,0.12425,41.27,0.0,6.94,-2.72323,1
6093,2016-01-22 03:00:00-06,0.1222833333333333,40.2,0.0,6.76,-3.04149,1
6105,2016-01-22 04:00:00-06,0.1248,39.29,0.0,7.78,-3.16099,1
6117,2016-01-22 05:00:00-06,0.12436666666666665,39.04,0.0,7.25,-2.7243,1
6129,2016-01-22 06:00:00-06,0.2966333333333333,38.24,0.0,7.27,-3.17267,1
6141,2016-01-22 07:00:00-06,0.6434833333333332,37.64,0.0,6.28,-3.0656,1
6153,2016-01-22 08:00:00-06,0.43391666666666656,37.75,0.0,7.35,107.947,1
6165,2016-01-22 09:00:00-06,0.36685,39.09,0.01,8.3,306.557,1
6177,2016-01-22 10:00:00-06,0.3466,41.95,0.01,7.8,493.88,1
6189,2016-01-22 11:00:00-06,0.3582833333333333,45.23,0.01,7.97,653.486,1
6201,2016-01-22 12:00:00-06,0.3071,47.66,0.01,7.08,746.703,1
6213,2016-01-22 13:00:00-06,0.3019,49.6,0.01,7.04,764.311,1
6225,2016-01-22 14:00:00-06,0.3150166666666666,51.21,0.01,6.8,710.54,1
6237,2016-01-22 15:00:00-06,0.20918333333333328,52.99,0.01,6.54,580.3969999999999,1
6249,2016-01-22 16:00:00-06,0.2604,53.08,0.01,5.5,402.61699999999996,1
6261,2016-01-22 17:00:00-06,0.3843,51.77,0.01,5.83,212.06400000000002,1
6273,2016-01-22 18:00:00-06,0.5142666666666666,48.96,0.01,4.1,13.9263,1
6285,2016-01-22 19:00:00-06,0.6341166666666666,46.51,0.01,3.65,-3.9619,1
6297,2016-01-22 20:00:00-06,0.459,44.37,0.0,3.73,-3.40204,1
6309,2016-01-22 21:00:00-06,0.4622,42.64,0.0,3.17,-3.31236,1
6321,2016-01-22 22:00:00-06,0.2546166666666666,40.48,0.0,2.71,-3.07496,1
6333,2016-01-22 23:00:00-06,0.1965,39.39,0.0,2.18,-3.0527,1
6345,2016-01-23 00:00:00-06,0.14635,39.34,0.0,3.34,-3.06474,0
6357,2016-01-23 01:00:00-06,0.12815,36.49,0.0,3.73,-2.95742,0
6369,2016-01-23 02:00:00-06,0.1303833333333333,35.97,0.0,2.0,-2.83862,0
6381,2016-01-23 03:00:00-06,0.13666666666666666,34.46,0.0,1.75,-2.72554,0
6393,2016-01-23 04:00:00-06,0.1274,33.32,0.0,1.88,-2.7259900000000004,0
6405,2016-01-23 05:00:00-06,0.12306666666666664,32.32,0.0,2.06,-2.72611,0
6417,2016-01-23 06:00:00-06,0.1197,31.54,0.01,1.86,-3.0672200000000003,0
6429,2016-01-23 07:00:00-06,0.3265,32.06,0.01,1.89,-2.72646,0
6441,2016-01-23 08:00:00-06,0.4495833333333333,33.52,0.01,1.53,112.147,0
6453,2016-01-23 09:00:00-06,0.57525,38.02,0.01,1.69,307.343,0
6465,2016-01-23 10:00:00-06,0.44311666666666655,41.94,0.02,1.67,491.847,0
6477,2016-01-23 11:00:00-06,0.4541166666666666,45.07,0.02,1.22,652.997,0
6489,2016-01-23 12:00:00-06,0.4411833333333333,48.84,0.02,1.31,741.1569999999999,0
6501,2016-01-23 13:00:00-06,0.7287666666666665,51.71,0.02,1.72,759.4939999999999,0
6513,2016-01-23 14:00:00-06,1.2061333333333333,54.26,0.02,2.27,704.799,0
6525,2016-01-23 15:00:00-06,0.7334166666666665,55.91,0.02,2.65,574.631,0
6537,2016-01-23 16:00:00-06,0.5425833333333332,56.37,0.02,2.97,401.249,0
6549,2016-01-23 17:00:00-06,0.6013666666666666,56.48,0.05,3.65,210.044,0
6561,2016-01-23 18:00:00-06,0.65205,53.32,0.05,3.67,13.5987,0
6573,2016-01-23 19:00:00-06,0.7215333333333332,49.05,0.02,3.36,-3.29925,0
6585,2016-01-23 20:00:00-06,0.64125,47.7,0.01,3.2,-2.98306,0
6597,2016-01-23 21:00:00-06,0.9729166666666664,45.77,0.0,2.95,-3.0634,0
6609,2016-01-23 22:00:00-06,0.3120333333333333,44.32,0.0,2.5,-2.7233,0
6621,2016-01-23 23:00:00-06,0.2528,43.06,0.0,2.83,-2.7694900000000002,0
6633,2016-01-24 00:00:00-06,0.18543333333333328,42.72,0.22,3.89,-2.72421,0
6645,2016-01-24 01:00:00-06,0.12476666666666665,41.08,0.24,3.82,-2.7242599999999997,0
6657,2016-01-24 02:00:00-06,0.13516666666666666,40.1,0.25,3.33,-2.72485,0
6669,2016-01-24 03:00:00-06,0.13786666666666664,38.35,0.27,3.23,-2.72507,0
6681,2016-01-24 04:00:00-06,0.1285333333333333,37.53,0.27,3.5,-2.61153,0
6693,2016-01-24 05:00:00-06,0.1158,36.24,0.27,2.61,-2.72507,0
6705,2016-01-24 06:00:00-06,0.1339833333333333,35.12,0.28,2.3,-2.72458,0
6717,2016-01-24 07:00:00-06,0.2701333333333333,35.62,0.33,2.4,-2.57101,0
6729,2016-01-24 08:00:00-06,0.4622666666666666,37.63,0.39,2.07,104.625,0
6741,2016-01-24 09:00:00-06,0.9179333333333332,43.1,0.44,4.01,296.368,0
6753,2016-01-24 10:00:00-06,0.4385333333333333,49.95,0.5,5.56,477.23199999999997,0
6765,2016-01-24 11:00:00-06,0.3561166666666666,55.94,0.57,6.38,638.649,0
6777,2016-01-24 12:00:00-06,0.2969,60.95,0.55,7.6,726.7130000000001,0
6789,2016-01-24 13:00:00-06,0.3984333333333333,63.59,0.44,7.85,741.559,0
6801,2016-01-24 14:00:00-06,0.32025,65.93,0.28,8.42,678.543,0
6813,2016-01-24 15:00:00-06,0.3393666666666666,67.04,0.2,8.5,550.913,0
6825,2016-01-24 16:00:00-06,0.2407166666666666,67.72,0.26,8.26,387.267,0
6837,2016-01-24 17:00:00-06,0.297,66.57,0.26,6.57,199.61700000000002,0
6849,2016-01-24 18:00:00-06,0.2427666666666666,63.61,0.14,6.05,6.68427,0
6861,2016-01-24 19:00:00-06,0.35925,61.67,0.15,6.54,-2.80463,0
6873,2016-01-24 20:00:00-06,0.3471333333333333,60.36,0.2,8.45,-2.7204200000000003,0
6885,2016-01-24 21:00:00-06,0.18256666666666663,59.07,0.56,8.36,-2.72051,0
6897,2016-01-24 22:00:00-06,0.1612333333333333,58.37,0.63,7.06,-2.7204900000000003,0
6909,2016-01-24 23:00:00-06,0.1422333333333333,57.01,0.57,7.08,-2.7205,0
6921,2016-01-25 00:00:00-06,0.1455333333333333,56.08,0.33,5.89,-2.72091,1
6933,2016-01-25 01:00:00-06,0.1339333333333333,55.68,0.36,5.42,-2.7212,1
6945,2016-01-25 02:00:00-06,0.12891666666666665,54.9,0.53,5.22,-2.72138,1
6957,2016-01-25 03:00:00-06,0.13206666666666664,54.36,0.63,5.1,-2.72138,1
6969,2016-01-25 04:00:00-06,0.1322833333333333,54.4,0.71,4.52,-2.72138,1
6981,2016-01-25 05:00:00-06,0.1419833333333333,54.52,0.68,4.02,-2.72138,1
6993,2016-01-25 06:00:00-06,0.20216666666666666,54.39,0.75,3.84,-2.72138,1
7005,2016-01-25 07:00:00-06,0.12496666666666666,55.3,0.74,4.18,-2.72705,1
7017,2016-01-25 08:00:00-06,0.3551666666666666,56.56,0.73,4.06,56.9053,1
7029,2016-01-25 09:00:00-06,0.42235,58.04,0.73,4.21,248.423,1
7041,2016-01-25 10:00:00-06,0.3328666666666666,60.69,0.76,4.46,464.32099999999997,1
7053,2016-01-25 11:00:00-06,0.2125,63.49,0.81,4.59,360.561,1
7065,2016-01-25 12:00:00-06,0.21936666666666665,66.03,0.78,3.2,639.696,1
7077,2016-01-25 13:00:00-06,0.20425,68.36,0.53,2.08,691.5260000000001,1
7089,2016-01-25 14:00:00-06,0.20421666666666666,70.05,0.37,0.99,393.96,1
7101,2016-01-25 15:00:00-06,0.20776666666666666,70.66,0.29,0.47,348.74800000000005,1
7113,2016-01-25 16:00:00-06,0.3048333333333333,70.04,0.39,0.91,166.47299999999998,1
7125,2016-01-25 17:00:00-06,0.2644666666666666,68.25,0.53,1.73,94.6888,1
7137,2016-01-25 18:00:00-06,0.4596833333333333,65.43,0.62,1.71,2.3949599999999998,1
7149,2016-01-25 19:00:00-06,0.49245,63.19,0.14,1.69,-2.7185200000000003,1
7161,2016-01-25 20:00:00-06,0.32195,60.13,0.08,3.07,-2.62276,1
7173,2016-01-25 21:00:00-06,0.2798,58.73,0.06,3.37,-2.70819,1
7185,2016-01-25 22:00:00-06,0.1459333333333333,58.36,0.21,4.73,-2.5553,1
7197,2016-01-25 23:00:00-06,0.1492,56.94,0.5,5.64,-2.61249,1
7209,2016-01-26 00:00:00-06,0.13916666666666666,54.17,0.62,6.26,-2.3804,1
7221,2016-01-26 01:00:00-06,0.1287333333333333,53.0,0.72,5.85,-2.3805099999999997,1
7233,2016-01-26 02:00:00-06,0.13841666666666666,51.87,0.54,6.98,-2.38048,1
7245,2016-01-26 03:00:00-06,0.1380833333333333,50.87,0.76,8.43,-2.38081,1
7257,2016-01-26 04:00:00-06,0.1271333333333333,49.88,0.7,9.18,-2.46599,1
7269,2016-01-26 05:00:00-06,0.12445,48.59,0.95,9.15,-2.72138,1
7281,2016-01-26 06:00:00-06,0.29665,47.59,0.96,9.61,-2.72138,1
7293,2016-01-26 07:00:00-06,0.42015,46.78,0.93,10.4,-2.60799,1
7305,2016-01-26 08:00:00-06,0.42156666666666653,46.4,0.77,10.52,13.794,1
7317,2016-01-26 09:00:00-06,0.2855,46.49,0.61,11.22,100.64,1
7329,2016-01-26 10:00:00-06,0.9225,47.71,0.32,12.79,258.418,1
7341,2016-01-26 11:00:00-06,0.4831166666666666,49.84,0.36,13.2,547.691,1
7353,2016-01-26 12:00:00-06,0.30755,51.21,0.62,13.02,714.404,1
7365,2016-01-26 13:00:00-06,0.3516,51.65,0.51,11.6,254.90900000000002,1
7377,2016-01-26 14:00:00-06,0.2326833333333333,51.74,0.62,9.18,134.635,1
7389,2016-01-26 15:00:00-06,0.6232666666666666,51.54,0.54,7.88,208.362,1
7401,2016-01-26 16:00:00-06,0.4370333333333333,51.68,0.67,8.46,81.6698,1
7413,2016-01-26 17:00:00-06,0.4067333333333333,50.99,0.71,7.93,30.6723,1
7425,2016-01-26 18:00:00-06,0.5138833333333332,49.67,0.81,8.12,2.5914,1
7437,2016-01-26 19:00:00-06,0.82685,48.19,0.99,9.6,-1.86591,1
7449,2016-01-26 20:00:00-06,0.5096666666666666,47.31,0.92,9.56,-1.70197,1
7461,2016-01-26 21:00:00-06,0.4442833333333333,47.05,0.61,8.89,-1.70202,1
7473,2016-01-26 22:00:00-06,0.2653166666666666,45.89,0.9,7.52,-1.70202,1
7485,2016-01-26 23:00:00-06,0.1504,44.75,0.55,7.01,-1.70202,1
7497,2016-01-27 00:00:00-06,0.13321666666666665,42.72,0.24,7.17,-1.7020400000000002,1
7509,2016-01-27 01:00:00-06,0.1475833333333333,41.49,0.2,6.51,-1.70218,1
7521,2016-01-27 02:00:00-06,0.13605,40.66,0.09,6.99,-1.7023,1
7533,2016-01-27 03:00:00-06,0.1327833333333333,39.64,0.0,6.19,-1.7763099999999998,1
7545,2016-01-27 04:00:00-06,0.1635333333333333,39.08,0.0,5.54,-2.02034,1
7557,2016-01-27 05:00:00-06,0.1837,38.7,0.03,5.93,-3.77408,1
7569,2016-01-27 06:00:00-06,0.5696666666666667,38.27,0.07,6.06,-2.04316,1
7581,2016-01-27 07:00:00-06,0.5448333333333332,38.21,0.12,5.68,-2.04315,1
7593,2016-01-27 08:00:00-06,0.3742666666666665,38.79,0.18,6.29,8.67802,1
7605,2016-01-27 09:00:00-06,0.2393333333333333,42.48,0.2,6.58,69.7307,1
7617,2016-01-27 10:00:00-06,0.34075,46.34,0.18,7.4,59.3378,1
7629,2016-01-27 11:00:00-06,0.3305,50.08,0.12,7.51,118.99,1
7641,2016-01-27 12:00:00-06,0.25595,52.92,0.08,8.15,161.075,1
7653,2016-01-27 13:00:00-06,0.2309166666666666,54.89,0.06,7.59,126.71600000000001,1
7665,2016-01-27 14:00:00-06,0.2409833333333333,56.7,0.05,7.61,180.697,1
7677,2016-01-27 15:00:00-06,0.2294,57.6,0.06,6.4,162.612,1
7689,2016-01-27 16:00:00-06,0.3270166666666666,57.21,0.05,6.18,205.173,1
7701,2016-01-27 17:00:00-06,0.2546333333333333,56.25,0.07,4.86,49.4642,1
7713,2016-01-27 18:00:00-06,0.4837,52.69,0.01,3.79,4.88432,1
7725,2016-01-27 19:00:00-06,0.6978333333333332,47.97,0.02,3.24,-2.20127,1
7737,2016-01-27 20:00:00-06,0.4781833333333332,44.8,0.0,2.42,-2.38282,1
7749,2016-01-27 21:00:00-06,0.2777666666666666,41.86,0.0,1.46,-2.72337,1
7761,2016-01-27 22:00:00-06,0.21103333333333327,38.96,0.0,1.67,-2.7298,1
7773,2016-01-27 23:00:00-06,0.13916666666666666,37.73,0.0,0.98,-2.72476,1
7785,2016-01-28 00:00:00-06,0.1386333333333333,38.64,0.0,1.35,-2.7253,1
7797,2016-01-28 01:00:00-06,0.13776666666666665,36.57,0.0,1.56,-2.7255700000000003,1
7809,2016-01-28 02:00:00-06,0.14406666666666665,35.51,0.0,2.31,-2.5840099999999997,1
7821,2016-01-28 03:00:00-06,0.2811666666666666,35.28,0.0,1.85,-2.726,1
7833,2016-01-28 04:00:00-06,0.16855,33.66,0.0,2.85,-2.72612,1
7845,2016-01-28 05:00:00-06,0.1499833333333333,33.34,0.0,2.98,-2.72646,1
7857,2016-01-28 06:00:00-06,0.2596333333333333,33.22,0.0,2.5,-2.72655,1
7869,2016-01-28 07:00:00-06,0.451,34.48,0.0,2.88,-2.72655,1
7881,2016-01-28 08:00:00-06,0.53595,36.47,0.0,3.41,110.82,1
7893,2016-01-28 09:00:00-06,0.24425,43.08,0.0,2.52,312.295,1
7905,2016-01-28 10:00:00-06,0.1812,49.6,0.0,3.01,520.535,1
7917,2016-01-28 11:00:00-06,0.2528666666666666,56.26,0.0,3.69,676.2660000000001,1
7929,2016-01-28 12:00:00-06,0.13961666666666664,61.34,0.0,4.3,768.738,1
7941,2016-01-28 13:00:00-06,0.1291833333333333,65.25,0.0,3.03,788.586,1
7953,2016-01-28 14:00:00-06,0.18061666666666662,68.0,0.0,3.81,737.7919999999999,1
7965,2016-01-28 15:00:00-06,0.1573833333333333,69.51,0.0,3.73,616.93,1
7977,2016-01-28 16:00:00-06,0.14256666666666665,69.88,0.0,2.83,424.539,1
7989,2016-01-28 17:00:00-06,0.21258333333333326,68.87,0.01,2.43,216.53599999999997,1
8001,2016-01-28 18:00:00-06,0.3836,63.83,0.0,1.25,23.8256,1
8013,2016-01-28 19:00:00-06,1.6578,58.65,0.0,2.07,-3.89874,1
8025,2016-01-28 20:00:00-06,1.635,54.28,0.0,2.44,-3.92271,1
8037,2016-01-28 21:00:00-06,1.0396,52.43,0.0,0.32,-3.3394699999999995,1
8049,2016-01-28 22:00:00-06,0.15951666666666664,48.15,0.0,0.62,-2.98316,1
8061,2016-01-28 23:00:00-06,0.15326666666666666,46.01,0.0,0.51,-3.05167,1
8073,2016-01-29 00:00:00-06,0.1355333333333333,45.99,0.0,1.08,-2.75725,1
8085,2016-01-29 01:00:00-06,0.20055,43.86,0.0,1.95,-2.84826,1
8097,2016-01-29 02:00:00-06,0.17275,42.22,0.0,2.06,-2.72418,1
8109,2016-01-29 03:00:00-06,0.1511333333333333,41.64,0.0,1.84,-2.73,1
8121,2016-01-29 04:00:00-06,0.136,41.0,0.0,1.73,-2.72485,1
8133,2016-01-29 05:00:00-06,0.19706666666666664,40.17,0.0,2.11,-2.72507,1
8145,2016-01-29 06:00:00-06,0.4558833333333333,40.08,0.0,1.82,-2.8331,1
8157,2016-01-29 07:00:00-06,0.4191333333333333,40.59,0.01,2.16,-2.72552,1
8169,2016-01-29 08:00:00-06,0.4223833333333333,42.78,0.01,2.45,105.052,1
8181,2016-01-29 09:00:00-06,0.2608666666666666,50.04,0.01,2.41,327.07,1
8193,2016-01-29 10:00:00-06,0.33085,57.22,0.01,3.5,485.9,1
8205,2016-01-29 11:00:00-06,0.2425666666666666,64.71,0.01,5.71,692.795,1
8217,2016-01-29 12:00:00-06,0.7901833333333331,71.16,0.01,8.39,741.221,1
8229,2016-01-29 13:00:00-06,0.60025,72.87,0.01,9.92,816.81,1
8241,2016-01-29 14:00:00-06,0.22318333333333326,73.52,0.01,10.04,699.703,1
8253,2016-01-29 15:00:00-06,0.22076666666666664,73.63,0.01,10.87,585.003,1
8265,2016-01-29 16:00:00-06,0.21813333333333326,72.82,0.01,10.27,296.813,1
8277,2016-01-29 17:00:00-06,0.28115,71.01,0.01,8.79,247.713,1
8289,2016-01-29 18:00:00-06,0.5786666666666666,67.04,0.01,6.64,26.9389,1
8301,2016-01-29 19:00:00-06,0.5447666666666666,62.79,0.03,5.71,-3.3991300000000004,1
8313,2016-01-29 20:00:00-06,0.5339,60.42,0.01,5.52,-3.21913,1
8325,2016-01-29 21:00:00-06,1.2387,58.82,0.0,5.3,-2.88576,1
8337,2016-01-29 22:00:00-06,0.18991666666666665,56.6,0.01,5.03,-2.72169,1
8349,2016-01-29 23:00:00-06,0.1724833333333333,54.59,0.0,5.44,-2.72229,1
8361,2016-01-30 00:00:00-06,0.2491333333333333,53.47,0.0,7.14,-2.85275,0
8373,2016-01-30 01:00:00-06,0.19416666666666665,52.14,0.0,6.83,-2.7223,0
8385,2016-01-30 02:00:00-06,0.16836666666666664,52.05,0.07,6.61,-2.7225099999999998,0
8397,2016-01-30 03:00:00-06,0.1760833333333333,51.09,0.07,6.29,-2.72275,0
8409,2016-01-30 04:00:00-06,0.1625833333333333,48.95,0.07,5.57,-2.72284,0
8421,2016-01-30 05:00:00-06,0.16115,47.06,0.08,4.48,-2.77993,0
8433,2016-01-30 06:00:00-06,0.1720833333333333,45.87,0.08,3.38,-3.08059,0
8445,2016-01-30 07:00:00-06,0.3342166666666666,45.67,0.08,3.82,-2.96718,0
8457,2016-01-30 08:00:00-06,0.2760833333333333,47.31,0.11,4.28,57.914,0
8469,2016-01-30 09:00:00-06,0.5421333333333332,53.34,0.16,5.97,336.356,0
8481,2016-01-30 10:00:00-06,0.3556333333333333,59.19,0.02,7.35,532.352,0
8493,2016-01-30 11:00:00-06,0.1647,64.9,0.02,7.83,676.9680000000001,0
8505,2016-01-30 12:00:00-06,0.2378333333333333,68.74,0.01,8.75,574.793,0
8517,2016-01-30 13:00:00-06,0.3138833333333333,71.94,0.01,8.77,763.17,0
8529,2016-01-30 14:00:00-06,0.2741333333333333,73.82,0.02,9.2,734.775,0
8541,2016-01-30 15:00:00-06,0.2395833333333333,75.05,0.02,9.17,610.207,0
8553,2016-01-30 16:00:00-06,1.0334,75.11,0.02,8.17,270.906,0
8565,2016-01-30 17:00:00-06,0.61675,73.67,0.02,6.37,286.651,0
8577,2016-01-30 18:00:00-06,0.42705,69.23,0.01,5.75,14.3547,0
8589,2016-01-30 19:00:00-06,0.4375833333333333,65.55,0.01,6.98,-2.7191,0
8601,2016-01-30 20:00:00-06,0.4367,63.24,0.0,7.62,-2.47028,0
8613,2016-01-30 21:00:00-06,0.43775,61.27,0.0,7.88,-2.71983,0
8625,2016-01-30 22:00:00-06,0.4721666666666666,59.99,0.12,7.83,-2.39738,0
8637,2016-01-30 23:00:00-06,0.2343833333333333,59.05,0.55,7.62,-2.4372,0
8649,2016-01-31 00:00:00-06,0.16746666666666665,58.01,0.4,5.45,-2.72055,0
8661,2016-01-31 01:00:00-06,0.14641666666666664,57.6,0.44,5.84,-2.7208900000000003,0
8673,2016-01-31 02:00:00-06,0.1384833333333333,57.46,0.52,5.95,-2.72103,0
8685,2016-01-31 03:00:00-06,0.1331833333333333,58.21,0.56,7.24,-2.72138,0
8697,2016-01-31 04:00:00-06,0.1242333333333333,58.83,0.61,6.79,-2.72138,0
8709,2016-01-31 05:00:00-06,0.14266666666666666,59.42,0.74,7.09,-2.72138,0
8721,2016-01-31 06:00:00-06,0.1412833333333333,59.61,0.78,6.7,-3.40173,0
8733,2016-01-31 07:00:00-06,0.2524333333333333,59.76,0.81,6.43,-3.1579599999999997,0
8745,2016-01-31 08:00:00-06,0.1996,59.69,0.87,6.38,104.113,0
8757,2016-01-31 09:00:00-06,0.241,61.72,0.83,5.67,303.21299999999997,0
8769,2016-01-31 10:00:00-06,0.16961666666666664,64.85,0.27,6.38,517.529,0
8781,2016-01-31 11:00:00-06,0.1781333333333333,68.83,0.09,6.11,670.2869999999999,0
8793,2016-01-31 12:00:00-06,0.17035,72.24,0.08,5.31,759.02,0
8805,2016-01-31 13:00:00-06,0.20751666666666665,77.0,0.05,4.22,782.034,0
8817,2016-01-31 14:00:00-06,0.18181666666666663,79.65,0.03,3.05,724.258,0
8829,2016-01-31 15:00:00-06,0.1755333333333333,80.93,0.01,1.65,600.888,0
8841,2016-01-31 16:00:00-06,0.22201666666666664,80.92,0.01,1.22,416.6,0
8853,2016-01-31 17:00:00-06,0.17556666666666665,78.69,0.03,2.13,221.80900000000003,0
8865,2016-01-31 18:00:00-06,0.1718333333333333,74.13,0.02,2.93,25.26,0
8877,2016-01-31 19:00:00-06,0.3374166666666666,69.17,0.0,2.21,-4.75239,0
8889,2016-01-31 20:00:00-06,0.3038833333333333,66.1,0.0,1.64,-4.7544,0
8901,2016-01-31 21:00:00-06,0.3350166666666666,63.09,0.0,1.31,-3.18253,0
8913,2016-01-31 22:00:00-06,0.18705,60.57,0.0,2.05,-3.39923,0
8925,2016-01-31 23:00:00-06,0.15825,60.11,0.0,4.03,-2.8845,0
8937,2016-02-01 00:00:00-06,0.14885,58.91,0.2,3.39,-2.3465,1
8949,2016-02-01 01:00:00-06,0.14626666666666666,56.56,0.2,2.79,-2.2671,1
8961,2016-02-01 02:00:00-06,0.1465,54.91,0.07,2.53,-2.72055,1
8973,2016-02-01 03:00:00-06,0.1379,53.39,0.04,1.99,-2.36916,1
8985,2016-02-01 04:00:00-06,0.1346333333333333,53.27,0.32,1.03,-2.27297,1
8997,2016-02-01 05:00:00-06,0.1337333333333333,53.26,0.44,0.48,-2.19932,1
9009,2016-02-01 06:00:00-06,0.2477666666666666,53.24,0.5,0.66,-2.31835,1
9021,2016-02-01 07:00:00-06,0.2495333333333333,54.36,0.54,1.42,-1.71165,1
9033,2016-02-01 08:00:00-06,0.21985,54.87,0.57,2.59,93.0911,1
9045,2016-02-01 09:00:00-06,0.3027666666666666,57.05,0.62,3.05,291.15,1
9057,2016-02-01 10:00:00-06,0.18478333333333327,60.05,0.72,3.94,510.218,1
9069,2016-02-01 11:00:00-06,0.1801333333333333,63.38,0.76,4.73,663.888,1
9081,2016-02-01 12:00:00-06,0.22438333333333327,65.94,0.65,6.16,766.074,1
9093,2016-02-01 13:00:00-06,0.1524833333333333,67.95,0.55,6.84,784.2189999999999,1
9105,2016-02-01 14:00:00-06,0.15221666666666664,70.33,0.29,7.06,738.443,1
9117,2016-02-01 15:00:00-06,0.1523333333333333,71.74,0.21,7.86,602.284,1
9129,2016-02-01 16:00:00-06,0.1532833333333333,72.78,0.16,7.44,428.26,1
9141,2016-02-01 17:00:00-06,0.15291666666666665,73.25,0.15,7.75,214.923,1
9153,2016-02-01 18:00:00-06,0.19511666666666666,71.72,0.08,8.71,25.7141,1
9165,2016-02-01 19:00:00-06,0.6977,69.39,0.06,10.31,-3.3975699999999995,1
9177,2016-02-01 20:00:00-06,0.6976333333333332,67.32,0.13,11.63,-2.80985,1
9189,2016-02-01 21:00:00-06,0.2794166666666666,65.53,0.51,10.81,-2.7195400000000003,1
9201,2016-02-01 22:00:00-06,0.2415,65.17,0.77,8.13,-2.71976,1
9213,2016-02-01 23:00:00-06,0.1901833333333333,64.85,0.81,6.31,-2.71997,1
9225,2016-02-02 00:00:00-06,0.15075,63.3,0.62,6.13,-2.72004,1
9237,2016-02-02 01:00:00-06,0.14646666666666666,60.61,0.5,5.95,-2.86179,1
9249,2016-02-02 02:00:00-06,0.1457833333333333,57.88,0.3,6.12,-2.72045,1
9261,2016-02-02 03:00:00-06,0.14931666666666665,55.38,0.16,6.22,-2.78281,1
9273,2016-02-02 04:00:00-06,0.14901666666666666,53.89,0.29,7.25,-2.89616,1
9285,2016-02-02 05:00:00-06,0.1413833333333333,52.68,0.15,6.71,-2.81687,1
9297,2016-02-02 06:00:00-06,0.19646666666666665,51.55,0.11,6.72,-3.3559300000000003,1
9309,2016-02-02 07:00:00-06,0.2439666666666666,51.8,0.1,5.71,-2.72138,1
9321,2016-02-02 08:00:00-06,0.28775,52.7,0.06,5.39,20.7222,1
9333,2016-02-02 09:00:00-06,0.5165333333333332,55.4,0.02,6.3,86.5032,1
9345,2016-02-02 10:00:00-06,0.48245,58.98,0.01,7.71,186.62,1
9357,2016-02-02 11:00:00-06,0.21448333333333328,61.78,0.01,9.38,463.345,1
9369,2016-02-02 12:00:00-06,0.20591666666666664,64.0,0.02,10.0,764.63,1
9381,2016-02-02 13:00:00-06,0.20708333333333329,65.58,0.0,9.02,792.877,1
9393,2016-02-02 14:00:00-06,0.3194166666666666,67.53,0.0,8.01,738.3539999999999,1
9405,2016-02-02 15:00:00-06,0.20066666666666666,68.0,0.0,7.05,625.523,1
9417,2016-02-02 16:00:00-06,0.20976666666666666,67.76,0.0,5.54,434.397,1
9429,2016-02-02 17:00:00-06,0.21123333333333327,66.38,0.02,4.32,224.25599999999997,1
9441,2016-02-02 18:00:00-06,0.43796666666666656,63.69,0.02,2.99,28.1152,1
9453,2016-02-02 19:00:00-06,0.3788333333333333,59.9,0.02,2.45,-3.8061199999999995,1
9465,2016-02-02 20:00:00-06,0.3381666666666666,56.52,0.0,3.44,-3.39983,1
9477,2016-02-02 21:00:00-06,0.9481666666666664,54.51,0.0,3.8,-3.1798900000000003,1
9489,2016-02-02 22:00:00-06,1.5893833333333331,53.45,0.0,4.36,-3.40173,1
9501,2016-02-02 23:00:00-06,0.5803666666666666,51.32,0.0,4.66,-3.05668,1
9513,2016-02-03 00:00:00-06,0.1510833333333333,49.01,0.0,5.67,-2.99453,1
9525,2016-02-03 01:00:00-06,0.1361,48.16,0.0,6.15,-2.72267,1
9537,2016-02-03 02:00:00-06,0.1447833333333333,46.39,0.0,6.64,-2.81374,1
9549,2016-02-03 03:00:00-06,0.1436833333333333,44.48,0.0,6.99,-2.72323,1
9561,2016-02-03 04:00:00-06,0.1313,43.28,0.0,6.54,-2.72323,1
9573,2016-02-03 05:00:00-06,0.12986666666666666,41.9,0.0,6.3,-2.72371,1
9585,2016-02-03 06:00:00-06,0.31125,40.81,0.0,6.14,-2.7241400000000002,1
9597,2016-02-03 07:00:00-06,0.21913333333333326,40.38,0.01,6.25,-2.7408799999999998,1
9609,2016-02-03 08:00:00-06,0.28175,40.08,0.0,6.91,86.2322,1
9621,2016-02-03 09:00:00-06,0.1668333333333333,42.24,0.0,8.11,276.585,1
9633,2016-02-03 10:00:00-06,0.27485,45.35,0.02,8.02,530.431,1
9645,2016-02-03 11:00:00-06,0.2073,49.25,0.12,8.18,691.0269999999999,1
9657,2016-02-03 12:00:00-06,0.21795,51.82,0.11,7.26,772.5010000000001,1
9669,2016-02-03 13:00:00-06,0.13325,54.26,0.0,7.49,801.5060000000001,1
9681,2016-02-03 14:00:00-06,0.1363,55.88,0.0,7.72,750.938,1
9693,2016-02-03 15:00:00-06,0.1460833333333333,57.09,0.0,7.69,631.024,1
9705,2016-02-03 16:00:00-06,0.11465,57.14,0.0,7.0,445.13599999999997,1
9717,2016-02-03 17:00:00-06,0.17771666666666666,55.18,0.0,6.36,232.882,1
9729,2016-02-03 18:00:00-06,0.5526333333333332,52.8,0.0,5.68,32.2436,1
9741,2016-02-03 19:00:00-06,0.44795,50.17,0.01,4.15,-3.5764400000000003,1
9753,2016-02-03 20:00:00-06,0.36053333333333326,47.76,0.0,4.27,-3.4019699999999995,1
9765,2016-02-03 21:00:00-06,0.2885333333333333,45.71,0.0,3.42,-3.19334,1
9777,2016-02-03 22:00:00-06,0.1441333333333333,43.1,0.0,2.49,-3.0636200000000002,1
9789,2016-02-03 23:00:00-06,0.12046666666666665,40.54,0.01,2.89,-2.9729900000000002,1
9801,2016-02-04 00:00:00-06,0.12826666666666664,38.57,0.0,3.24,-2.72412,1
9813,2016-02-04 01:00:00-06,0.13221666666666665,38.05,0.0,3.3,-2.72427,1
9825,2016-02-04 02:00:00-06,0.1308333333333333,36.84,0.0,3.06,-2.89527,1
9837,2016-02-04 03:00:00-06,0.1299333333333333,36.33,0.0,3.2,-3.00326,1
9849,2016-02-04 04:00:00-06,0.11955,35.01,0.0,2.95,-2.72518,1
9861,2016-02-04 05:00:00-06,0.11611666666666665,34.25,0.0,2.96,-2.72553,1
9873,2016-02-04 06:00:00-06,0.2784333333333333,33.16,0.0,2.38,-3.06623,1
9885,2016-02-04 07:00:00-06,0.5857,32.92,0.01,2.73,-2.72598,1
9897,2016-02-04 08:00:00-06,0.7491666666666666,34.76,0.01,2.79,121.244,1
9909,2016-02-04 09:00:00-06,0.6449166666666666,40.61,0.01,2.21,327.024,1
9921,2016-02-04 10:00:00-06,0.4590166666666666,45.66,0.02,2.1,538.7869999999999,1
9933,2016-02-04 11:00:00-06,0.12781666666666666,49.82,0.02,2.07,695.949,1
9945,2016-02-04 12:00:00-06,0.13375,53.01,0.04,2.08,791.534,1
9957,2016-02-04 13:00:00-06,0.1239833333333333,55.03,0.02,1.46,813.4839999999999,1
9969,2016-02-04 14:00:00-06,0.1275,56.44,0.03,1.51,750.9630000000001,1
9981,2016-02-04 15:00:00-06,0.14065,57.39,0.03,2.46,639.9259999999999,1
9993,2016-02-04 16:00:00-06,0.12696666666666664,57.42,0.1,1.31,449.10400000000004,1
10005,2016-02-04 17:00:00-06,0.19133333333333327,56.11,0.12,1.12,234.467,1
10017,2016-02-04 18:00:00-06,0.20005,53.6,0.07,2.16,33.7915,1
10029,2016-02-04 19:00:00-06,0.3323,49.86,0.0,2.28,-3.36275,1
10041,2016-02-04 20:00:00-06,0.50835,46.95,0.0,2.66,-3.08059,1
10053,2016-02-04 21:00:00-06,0.3390666666666666,44.87,0.0,1.3,-3.0587400000000002,1
10065,2016-02-04 22:00:00-06,0.21125,41.04,0.0,0.75,-2.84348,1
10077,2016-02-04 23:00:00-06,0.15615,39.28,0.0,0.76,-3.06502,1
10089,2016-02-05 00:00:00-06,0.1443333333333333,38.56,0.14,0.61,-2.8102099999999997,1
10101,2016-02-05 01:00:00-06,0.1337,37.56,0.12,0.55,-2.86707,1
10113,2016-02-05 02:00:00-06,0.12385,35.81,0.04,0.7,-2.8278,1
10125,2016-02-05 03:00:00-06,0.12255,35.22,0.02,0.33,-3.0667400000000002,1
10137,2016-02-05 04:00:00-06,0.1217333333333333,34.88,0.01,0.38,-2.7261599999999997,1
10149,2016-02-05 05:00:00-06,0.1211,33.56,0.0,0.8,-2.72645,1
10161,2016-02-05 06:00:00-06,0.3199333333333333,33.41,0.0,1.1,-3.06727,1
10173,2016-02-05 07:00:00-06,0.2803166666666666,33.72,0.01,1.06,-2.67548,1
10185,2016-02-05 08:00:00-06,0.2928166666666666,36.62,0.0,0.69,116.399,1
10197,2016-02-05 09:00:00-06,0.2252333333333333,42.64,0.0,1.6,312.048,1
10209,2016-02-05 10:00:00-06,0.22316666666666665,47.6,0.01,3.35,515.53,1
10221,2016-02-05 11:00:00-06,0.3966,52.64,0.02,3.71,682.932,1
10233,2016-02-05 12:00:00-06,0.15475,56.66,0.03,4.95,828.2339999999999,1
10245,2016-02-05 13:00:00-06,0.21661666666666665,58.49,0.03,5.26,168.97799999999998,1
10257,2016-02-05 14:00:00-06,0.14035,59.46,0.03,5.09,107.87700000000001,1
10269,2016-02-05 15:00:00-06,0.1266333333333333,59.64,0.02,5.2,84.977,1
10281,2016-02-05 16:00:00-06,0.1391833333333333,59.97,0.01,4.75,80.948,1
10293,2016-02-05 17:00:00-06,0.2565166666666666,58.39,0.07,4.07,55.3537,1
10305,2016-02-05 18:00:00-06,0.6718166666666666,55.93,0.44,2.93,4.00767,1
10317,2016-02-05 19:00:00-06,0.6295166666666666,53.96,0.73,3.15,-2.2450099999999997,1
10329,2016-02-05 20:00:00-06,0.4991833333333332,54.1,0.9,3.21,-2.38121,1
10341,2016-02-05 21:00:00-06,0.4953333333333332,53.01,0.79,3.26,-2.38121,1
10353,2016-02-05 22:00:00-06,0.16736666666666666,52.41,0.72,3.9,-2.72145,1
10365,2016-02-05 23:00:00-06,0.1422333333333333,51.69,0.36,4.03,-3.06252,1
10377,2016-02-06 00:00:00-06,0.13045,48.2,0.31,4.11,-2.72273,0
10389,2016-02-06 01:00:00-06,0.12941666666666665,46.99,0.17,3.55,-2.74591,0
10401,2016-02-06 02:00:00-06,0.14095,46.07,0.25,2.91,-2.72323,0
10413,2016-02-06 03:00:00-06,0.1220833333333333,45.11,0.08,4.13,-1.9973599999999998,0
10425,2016-02-06 04:00:00-06,0.11288333333333332,43.69,0.06,5.23,-2.82539,0
10437,2016-02-06 05:00:00-06,0.1271833333333333,42.83,0.03,5.18,-2.72377,0
10449,2016-02-06 06:00:00-06,0.1896,42.57,0.0,7.61,-3.00791,0
10461,2016-02-06 07:00:00-06,0.1948,42.64,0.01,7.5,-2.5823099999999997,0
10473,2016-02-06 08:00:00-06,0.4180333333333333,44.01,0.01,9.32,122.23100000000001,0
10485,2016-02-06 09:00:00-06,0.5319833333333333,46.37,0.01,10.34,319.346,0
10497,2016-02-06 10:00:00-06,0.3128833333333333,49.95,0.01,11.25,535.943,0
10509,2016-02-06 11:00:00-06,0.7029666666666666,53.52,0.01,12.23,699.4110000000001,0
10521,2016-02-06 12:00:00-06,0.40511666666666657,56.19,0.01,11.82,806.492,0
10533,2016-02-06 13:00:00-06,0.44655,57.99,0.01,11.64,828.2810000000001,0
10545,2016-02-06 14:00:00-06,0.3862,59.03,0.01,10.83,780.934,0
10557,2016-02-06 15:00:00-06,0.19126666666666664,59.56,0.01,9.48,656.2760000000001,0
10569,2016-02-06 16:00:00-06,0.17551666666666665,59.18,0.01,8.3,469.971,0
10581,2016-02-06 17:00:00-06,0.2444833333333333,58.19,0.02,6.87,253.822,0
10593,2016-02-06 18:00:00-06,0.27285,54.92,0.01,4.52,42.9153,0
10605,2016-02-06 19:00:00-06,0.5635,51.66,0.01,3.85,-4.08064,0
10617,2016-02-06 20:00:00-06,0.3504166666666666,48.47,0.0,2.71,-4.0822400000000005,0
10629,2016-02-06 21:00:00-06,0.32795,45.99,0.0,1.4,-3.56736,0
10641,2016-02-06 22:00:00-06,0.22373333333333328,43.48,0.0,0.79,-3.35851,0
10653,2016-02-06 23:00:00-06,0.1484833333333333,40.96,0.0,0.63,-3.53455,0
10665,2016-02-07 00:00:00-06,0.1333333333333333,40.11,0.01,1.46,-3.3994699999999995,0
10677,2016-02-07 01:00:00-06,0.1323833333333333,37.91,0.0,1.76,-3.3599900000000003,0
10689,2016-02-07 02:00:00-06,0.13016666666666665,36.41,0.0,1.7,-2.82157,0
10701,2016-02-07 03:00:00-06,0.12446666666666666,35.33,0.0,1.4,-2.83933,0
10713,2016-02-07 04:00:00-06,0.1132,34.54,0.0,2.03,-2.79983,0
10725,2016-02-07 05:00:00-06,0.2699166666666666,33.64,0.0,1.84,-2.72618,0
10737,2016-02-07 06:00:00-06,0.41205,33.38,0.0,1.59,-3.02164,0
10749,2016-02-07 07:00:00-06,0.3972333333333333,34.47,0.01,1.83,-2.6409,0
10761,2016-02-07 08:00:00-06,0.30425,36.46,0.0,2.23,157.872,0
10773,2016-02-07 09:00:00-06,0.4930333333333332,42.79,0.01,2.99,344.57,0
10785,2016-02-07 10:00:00-06,0.2960166666666666,48.09,0.0,4.61,553.635,0
10797,2016-02-07 11:00:00-06,0.36818333333333325,53.27,0.0,4.89,696.7660000000001,0
10809,2016-02-07 12:00:00-06,0.20038333333333327,57.14,0.0,5.66,821.075,0
10821,2016-02-07 13:00:00-06,0.28285,60.83,0.0,6.08,843.035,0
10833,2016-02-07 14:00:00-06,0.2456666666666666,63.02,0.0,6.95,802.88,0
10845,2016-02-07 15:00:00-06,0.17566666666666664,64.65,0.0,5.94,446.215,0
10857,2016-02-07 16:00:00-06,0.4228833333333333,64.89,0.0,5.27,487.908,0
10869,2016-02-07 17:00:00-06,0.4582,63.82,0.0,3.78,180.222,0
10881,2016-02-07 18:00:00-06,0.4896833333333332,60.79,0.0,3.09,17.9655,0
10893,2016-02-07 19:00:00-06,0.27805,57.17,0.05,3.48,-3.3994199999999997,0
10905,2016-02-07 20:00:00-06,0.14766666666666664,54.21,0.03,3.12,-3.14551,0
10917,2016-02-07 21:00:00-06,0.1334333333333333,51.26,0.01,2.44,-2.72136,0
10929,2016-02-07 22:00:00-06,0.1386,49.64,0.02,1.72,-2.72143,0
10941,2016-02-07 23:00:00-06,0.13651666666666665,46.95,0.07,2.76,-2.72191,0
10953,2016-02-08 00:00:00-06,0.1307,45.67,0.04,2.48,-2.7223,1
10965,2016-02-08 01:00:00-06,0.1300833333333333,44.36,0.05,3.55,-2.6320799999999998,1
10977,2016-02-08 02:00:00-06,0.12925,45.18,0.06,4.32,-2.38282,1
10989,2016-02-08 03:00:00-06,0.1254,45.3,0.07,5.62,-2.536,1
11001,2016-02-08 04:00:00-06,0.11886666666666665,46.01,0.09,8.81,-2.64947,1
11013,2016-02-08 05:00:00-06,0.11695,45.05,0.11,7.76,-2.72323,1
11025,2016-02-08 06:00:00-06,0.3283666666666666,44.46,0.13,7.2,-2.74592,1
11037,2016-02-08 07:00:00-06,0.3365166666666666,44.63,0.13,6.83,-2.87118,1
11049,2016-02-08 08:00:00-06,0.37061666666666654,45.41,0.11,7.08,102.20299999999999,1
11061,2016-02-08 09:00:00-06,0.4008333333333333,48.3,0.11,8.23,275.154,1
11073,2016-02-08 10:00:00-06,0.9538,51.76,0.14,8.99,462.44599999999997,1
11085,2016-02-08 11:00:00-06,0.7851,54.96,0.18,9.11,451.99800000000005,1
11097,2016-02-08 12:00:00-06,0.2387166666666666,57.05,0.11,8.16,619.789,1
11109,2016-02-08 13:00:00-06,0.50885,59.7,0.09,7.97,552.2280000000001,1
11121,2016-02-08 14:00:00-06,0.3435666666666666,61.74,0.05,8.22,531.871,1
11133,2016-02-08 15:00:00-06,0.35175,62.67,0.03,8.49,449.406,1
11145,2016-02-08 16:00:00-06,0.4624,62.5,0.02,8.27,327.357,1
11157,2016-02-08 17:00:00-06,0.3767666666666665,61.65,0.03,7.69,115.605,1
11169,2016-02-08 18:00:00-06,0.4366333333333333,59.33,0.0,5.85,16.1526,1
11181,2016-02-08 19:00:00-06,0.4228833333333333,55.69,0.01,3.73,-2.74376,1
11193,2016-02-08 20:00:00-06,0.3257166666666666,51.86,0.0,3.35,-3.06723,1
11205,2016-02-08 21:00:00-06,0.3187,48.02,0.0,2.64,-2.72222,1
11217,2016-02-08 22:00:00-06,0.26835,45.79,0.0,2.26,-2.7223599999999997,1
11229,2016-02-08 23:00:00-06,0.2542,45.06,0.01,2.75,-2.96694,1
11241,2016-02-09 00:00:00-06,0.2715333333333333,43.73,0.0,3.36,-2.72323,1
11253,2016-02-09 01:00:00-06,0.13605,42.12,0.0,3.96,-2.5303299999999997,1
11265,2016-02-09 02:00:00-06,0.12316666666666665,41.86,0.0,4.07,-2.72323,1
11277,2016-02-09 03:00:00-06,0.12115,40.78,0.0,5.32,-2.6155,1
11289,2016-02-09 04:00:00-06,0.12035,39.92,0.0,4.49,-2.53103,1
11301,2016-02-09 05:00:00-06,0.11955,38.8,0.0,4.43,-2.72415,1
11313,2016-02-09 06:00:00-06,0.2440166666666666,38.51,0.0,4.38,-2.72425,1
11325,2016-02-09 07:00:00-06,0.9019,38.72,0.0,4.69,-2.72425,1
11337,2016-02-09 08:00:00-06,0.52275,40.86,0.0,4.29,55.2423,1
11349,2016-02-09 09:00:00-06,0.40191666666666653,46.25,0.0,4.01,276.072,1
11361,2016-02-09 10:00:00-06,0.3343833333333333,52.1,0.0,4.64,331.966,1
11373,2016-02-09 11:00:00-06,0.3105666666666666,58.08,0.0,5.15,707.523,1
11385,2016-02-09 12:00:00-06,0.4750833333333332,61.63,0.0,5.8,799.801,1
11397,2016-02-09 13:00:00-06,0.6130333333333332,64.72,0.0,5.72,821.323,1
11409,2016-02-09 14:00:00-06,0.3914666666666666,67.6,0.0,6.37,770.972,1
11421,2016-02-09 15:00:00-06,0.2225,69.69,0.0,5.86,648.944,1
11433,2016-02-09 16:00:00-06,0.38265,70.82,0.0,5.27,466.032,1
11445,2016-02-09 17:00:00-06,0.5498,70.18,0.0,4.63,248.62,1
11457,2016-02-09 18:00:00-06,0.4594833333333333,66.51,0.0,2.63,47.1986,1
11469,2016-02-09 19:00:00-06,0.44756666666666656,60.99,0.0,2.46,-4.078130000000001,1
11481,2016-02-09 20:00:00-06,0.5274666666666666,57.1,0.0,1.21,-3.4004,1
11493,2016-02-09 21:00:00-06,0.5747833333333332,53.37,0.0,1.82,-3.3563300000000003,1
11505,2016-02-09 22:00:00-06,0.5525333333333332,51.26,0.0,3.08,-3.3291199999999996,1
11517,2016-02-09 23:00:00-06,0.14776666666666666,51.48,0.0,3.34,-2.9896700000000003,1
11529,2016-02-10 00:00:00-06,0.1212833333333333,50.12,0.0,2.42,-3.06363,1
11541,2016-02-10 01:00:00-06,0.12276666666666665,46.27,0.0,2.55,-2.80265,1
11553,2016-02-10 02:00:00-06,0.11063333333333332,45.17,0.0,2.85,-3.06372,1
11565,2016-02-10 03:00:00-06,0.10985,43.78,0.0,2.79,-2.7240599999999997,1
11577,2016-02-10 04:00:00-06,0.10781666666666664,42.15,0.0,1.99,-2.72415,1
11589,2016-02-10 05:00:00-06,0.10476666666666663,40.9,0.0,2.22,-2.76955,1
11601,2016-02-10 06:00:00-06,0.22951666666666665,39.84,0.0,2.18,-2.7242599999999997,1
11613,2016-02-10 07:00:00-06,0.3724833333333333,39.88,0.0,1.68,-2.4008599999999998,1
11625,2016-02-10 08:00:00-06,0.3809833333333333,41.95,0.0,0.65,138.804,1
11637,2016-02-10 09:00:00-06,0.5471,49.79,0.0,0.84,339.407,1
11649,2016-02-10 10:00:00-06,0.43365,54.75,0.01,2.33,549.231,1
11661,2016-02-10 11:00:00-06,0.10896666666666664,59.41,0.01,3.72,703.128,1
11673,2016-02-10 12:00:00-06,0.1827333333333333,63.69,0.01,4.98,791.791,1
11685,2016-02-10 13:00:00-06,0.17161666666666664,66.83,0.01,4.63,810.904,1
11697,2016-02-10 14:00:00-06,0.16091666666666665,69.86,0.01,5.23,764.4789999999999,1
11709,2016-02-10 15:00:00-06,0.17115,71.97,0.01,4.99,635.0219999999999,1
11721,2016-02-10 16:00:00-06,0.1733833333333333,72.96,0.01,5.29,456.156,1
11733,2016-02-10 17:00:00-06,0.2285833333333333,72.35,0.01,5.06,242.81,1
11745,2016-02-10 18:00:00-06,0.11305,69.69,0.0,4.5,46.5955,1
11757,2016-02-10 19:00:00-06,0.11095,64.79,0.0,4.18,-3.93046,1
11769,2016-02-10 20:00:00-06,0.1186333333333333,62.03,0.0,4.28,-3.52403,1
11781,2016-02-10 21:00:00-06,0.11053333333333333,59.93,0.0,4.68,-3.4006199999999995,1
11793,2016-02-10 22:00:00-06,0.1195,58.06,0.0,4.54,-3.24858,1
11805,2016-02-10 23:00:00-06,0.12011666666666665,56.03,0.0,4.67,-3.1693,1
11817,2016-02-11 00:00:00-06,0.1105,55.96,0.0,4.55,-3.0567599999999997,1
11829,2016-02-11 01:00:00-06,0.12125,54.1,0.0,4.53,-2.81305,1
11841,2016-02-11 02:00:00-06,0.11013333333333332,53.08,0.0,4.17,-2.77906,1
11853,2016-02-11 03:00:00-06,0.10365,51.58,0.0,4.06,-2.72263,1
11865,2016-02-11 04:00:00-06,0.11018333333333333,50.65,0.0,4.27,-2.96076,1
11877,2016-02-11 05:00:00-06,0.10456666666666664,50.28,0.0,3.89,-2.7396599999999998,1
11889,2016-02-11 06:00:00-06,0.2461333333333333,49.77,0.0,3.47,-3.4036199999999996,1
11901,2016-02-11 07:00:00-06,0.19905,50.8,0.01,3.04,-2.67784,1
11913,2016-02-11 08:00:00-06,0.18291666666666662,51.77,0.01,3.08,145.31799999999998,1
11925,2016-02-11 09:00:00-06,0.208,58.86,0.01,3.97,346.63699999999994,1
11937,2016-02-11 10:00:00-06,0.2392166666666666,64.44,0.01,5.74,557.357,1
11949,2016-02-11 11:00:00-06,0.3585166666666666,69.78,0.01,7.25,715.8560000000001,1
11961,2016-02-11 12:00:00-06,0.3832333333333333,74.17,0.01,7.06,804.623,1
11973,2016-02-11 13:00:00-06,0.2959666666666666,76.81,0.01,6.42,825.7080000000001,1
11985,2016-02-11 14:00:00-06,0.34005,78.7,0.01,6.43,770.9110000000001,1
11997,2016-02-11 15:00:00-06,0.2555,79.27,0.03,6.73,646.305,1
12009,2016-02-11 16:00:00-06,0.19323333333333328,79.07,0.01,5.75,456.704,1
12021,2016-02-11 17:00:00-06,0.20193333333333327,76.92,0.01,4.49,253.52700000000002,1
12033,2016-02-11 18:00:00-06,0.1794,73.41,0.01,3.89,50.4294,1
12045,2016-02-11 19:00:00-06,0.1772833333333333,69.06,0.01,4.47,-3.4321,1
12057,2016-02-11 20:00:00-06,0.18628333333333327,65.92,0.0,4.29,-3.3994400000000002,1
12069,2016-02-11 21:00:00-06,0.17401666666666665,62.93,0.0,4.16,-3.05471,1
12081,2016-02-11 22:00:00-06,0.20181666666666664,61.75,0.0,4.24,-2.94156,1
12093,2016-02-11 23:00:00-06,0.1726833333333333,60.09,0.01,4.09,-2.72097,1
12105,2016-02-12 00:00:00-06,0.1719,57.41,0.0,2.97,-2.72135,1
12117,2016-02-12 01:00:00-06,0.1714333333333333,55.48,0.01,2.83,-2.72138,1
12129,2016-02-12 02:00:00-06,0.17065,54.06,0.02,1.77,-2.72705,1
12141,2016-02-12 03:00:00-06,0.17263793103448272,52.88,0.03,2.21,-2.72138,1
